Code,Year,Gini coefficient (2021 prices),World regions according to OWID
AFG,2023,,Asia
ALA,2023,,Europe
ALB,1996,0.27010342,
ALB,2002,0.3173898,
ALB,2005,0.30595654,
ALB,2008,0.2998467,
ALB,2012,0.28960484,
ALB,2014,0.34598896,
ALB,2015,0.32753733,
ALB,2016,0.33736297,
ALB,2017,0.33055663,
ALB,2018,0.30148283,
ALB,2019,0.30115768,
ALB,2020,0.2941963,
ALB,2023,,Europe
DZA,1988,0.37356994,
DZA,1995,0.35330054,
DZA,2011,0.27615732,
DZA,2023,,Africa
ASM,2023,,Oceania
AND,2023,,Europe
AGO,2000,0.5194515,
AGO,2008,0.42715514,
AGO,2018,0.51264286,
AGO,2023,,Africa
AIA,2023,,North America
ATG,2023,,North America
ARG,2023,,South America
,1980,0.4083086,
,1986,0.42797506,
,1987,0.4526729,
,1991,0.46754274,
,1992,0.45454842,
,1993,0.44843096,
,1994,0.4589804,
,1995,0.48878098,
,1996,0.49490517,
,1997,0.49085242,
,1998,0.50712705,
,1999,0.49765623,
,2000,0.5103796,
,2001,0.5329304,
,2002,0.5375955,
,2003,0.50994456,
,2004,0.48483533,
,2005,0.47810286,
,2006,0.46444497,
,2007,0.46282586,
,2008,0.44986764,
,2009,0.43758938,
,2010,0.43676555,
,2011,0.4273792,
,2012,0.41437364,
,2013,0.4108646,
,2014,0.41822484,
,2016,0.42345008,
,2017,0.41434798,
,2018,0.4171897,
,2019,0.43314135,
,2020,0.42743686,
,2021,0.4244556,
,2022,0.4073646,
,2023,0.42390975,
,2024,0.42353317,
ARM,1999,0.36219725,
ARM,2001,0.3536436,
ARM,2002,0.34779674,
ARM,2003,0.33028087,
ARM,2004,0.37505633,
ARM,2005,0.35992354,
ARM,2006,0.29709986,
ARM,2007,0.31226057,
ARM,2008,0.2918814,
ARM,2009,0.2801588,
ARM,2010,0.29992583,
ARM,2011,0.29352945,
ARM,2012,0.29602262,
ARM,2013,0.30579662,
ARM,2014,0.3148329,
ARM,2015,0.32356772,
ARM,2016,0.32547948,
ARM,2017,0.3362184,
ARM,2018,0.344335,
ARM,2019,0.30031213,
ARM,2020,0.25131604,
ARM,2021,0.2794013,
ARM,2022,0.27945295,
ARM,2023,0.2715465,Asia
ABW,2023,,North America
AUS,1981,0.31324694,
AUS,1985,0.3249635,
AUS,1989,0.33151868,
AUS,1995,0.325785,
AUS,2001,0.33461928,
AUS,2003,0.3349675,
AUS,2004,0.3305572,
AUS,2008,0.3542851,
AUS,2010,0.34656727,
AUS,2014,0.34398162,
AUS,2016,0.33685187,
AUS,2018,0.34332526,
AUS,2020,0.33829018,
AUS,2023,,Oceania
AUT,1994,0.3082802,
AUT,1995,0.29914328,
AUT,1996,0.29317808,
AUT,1997,0.29065368,
AUT,1998,0.31340772,
AUT,1999,0.2967054,
AUT,2000,0.28964692,
AUT,2003,0.29465628,
AUT,2004,0.29788846,
AUT,2005,0.28715208,
AUT,2006,0.2958756,
AUT,2007,0.3057945,
AUT,2008,0.30437094,
AUT,2009,0.31494907,
AUT,2010,0.30251664,
AUT,2011,0.30801058,
AUT,2012,0.30475616,
AUT,2013,0.30752906,
AUT,2014,0.30535373,
AUT,2015,0.3053083,
AUT,2016,0.3079514,
AUT,2017,0.2973693,
AUT,2018,0.3084742,
AUT,2019,0.30210516,
AUT,2020,0.29800698,
AUT,2021,0.30701682,
AUT,2022,0.3089293,
AUT,2023,0.3120468,Europe
OWID_AUH,2023,,Europe
AZE,1995,0.34648824,
AZE,2001,0.36454937,
AZE,2002,0.25277665,
AZE,2003,0.2683288,
AZE,2004,0.26621592,
AZE,2005,0.26554906,
AZE,2023,,Asia
BHS,2023,,North America
BHR,2023,,Asia
BGD,1983,0.2587649,
BGD,1985,0.26917496,
BGD,1988,0.28846547,
BGD,1991,0.27570805,
BGD,1995,0.32942984,
BGD,2000,0.33406532,
BGD,2005,0.33201292,
BGD,2010,0.3213032,
BGD,2016,0.32385272,
BGD,2022,0.30930254,
BGD,2023,,Asia
BRB,2016,0.34068036,
BRB,2023,,North America
BLR,1998,0.3201835,
BLR,1999,0.31738147,
BLR,2000,0.31167483,
BLR,2001,0.30576724,
BLR,2002,0.30336243,
BLR,2003,0.28821012,
BLR,2004,0.26479885,
BLR,2005,0.2755341,
BLR,2006,0.28275442,
BLR,2007,0.2961238,
BLR,2008,0.27826044,
BLR,2009,0.27689305,
BLR,2010,0.285666,
BLR,2011,0.2715255,
BLR,2012,0.26526198,
BLR,2013,0.26575053,
BLR,2014,0.27176666,
BLR,2015,0.25633225,
BLR,2016,0.25306615,
BLR,2017,0.2544457,
BLR,2018,0.25240526,
BLR,2019,0.25277847,
BLR,2020,0.24383356,
BLR,2023,,Europe
BEL,1985,0.2520385,
BEL,1988,0.25711665,
BEL,1992,0.24946482,
BEL,1995,0.2841082,
BEL,1997,0.26832196,
BEL,2000,0.33135977,
BEL,2003,0.28143343,
BEL,2004,0.3054143,
BEL,2005,0.2933692,
BEL,2006,0.28054053,
BEL,2007,0.2923768,
BEL,2008,0.2837373,
BEL,2009,0.2855119,
BEL,2010,0.2837483,
BEL,2011,0.2806044,
BEL,2012,0.274905,
BEL,2013,0.27668858,
BEL,2014,0.28134012,
BEL,2015,0.2772931,
BEL,2016,0.2758074,
BEL,2017,0.2738765,
BEL,2018,0.272142,
BEL,2019,0.27219555,
BEL,2020,0.2595828,
BEL,2021,0.26577634,
BEL,2022,0.26375556,
BEL,2023,0.26823103,Europe
BLZ,1995,0.57547647,
BLZ,2018,0.39949584,
BLZ,2023,,North America
BEN,2003,0.38577467,
BEN,2011,0.43439275,
BEN,2015,0.4760386,
BEN,2018,0.37948644,
BEN,2021,0.34395808,
BEN,2023,,Africa
BMU,2023,,North America
BTN,2003,0.40898,
BTN,2007,0.3809077,
BTN,2012,0.38809326,
BTN,2017,0.3744141,
BTN,2022,0.2845992,
BTN,2023,,Asia
BOL,1997,0.58141714,
BOL,1999,0.58036,
BOL,2000,0.6156524,
BOL,2001,0.5736684,
BOL,2002,0.59274924,
BOL,2004,0.5500035,
BOL,2005,0.58518565,
BOL,2006,0.5666029,
BOL,2007,0.54532504,
BOL,2008,0.5081494,
BOL,2009,0.49220297,
BOL,2011,0.46080363,
BOL,2012,0.4657997,
BOL,2013,0.4758858,
BOL,2014,0.4782917,
BOL,2015,0.46731645,
BOL,2016,0.45240822,
BOL,2017,0.44617796,
BOL,2018,0.42579088,
BOL,2019,0.41644302,
BOL,2020,0.4364544,
BOL,2021,0.40913323,
BOL,2022,0.41208377,
BOL,2023,0.42050114,South America
,1990,0.42035723,
,1992,0.49072397,
BES,2023,,North America
BIH,2001,0.2996642,
BIH,2004,0.3403749,
BIH,2007,0.33061588,
BIH,2011,0.33030185,
BIH,2023,,Europe
BWA,1985,0.5421201,
BWA,1993,0.6014759,
BWA,2002,0.6153865,
BWA,2009,0.5693109,
BWA,2015,0.5490736,
BWA,2023,,Africa
BRA,1981,0.57864046,
BRA,1982,0.58356094,
BRA,1983,0.58903974,
BRA,1984,0.5829912,
BRA,1985,0.55526423,
BRA,1986,0.58432895,
BRA,1987,0.5964315,
BRA,1988,0.613723,
BRA,1989,0.63245785,
BRA,1990,0.60450876,
BRA,1992,0.5310342,
BRA,1993,0.60066897,
BRA,1995,0.59531194,
BRA,1996,0.5983838,
BRA,1997,0.5975472,
BRA,1998,0.59566253,
BRA,1999,0.5895122,
BRA,2001,0.5840288,
BRA,2002,0.5810567,
BRA,2003,0.57553387,
BRA,2004,0.56471825,
BRA,2005,0.5631013,
BRA,2006,0.5564221,
BRA,2007,0.54919165,
BRA,2008,0.5403759,
BRA,2009,0.53682,
BRA,2011,0.5294177,
BRA,2012,0.5343539,
BRA,2013,0.526834,
BRA,2014,0.5202971,
BRA,2015,0.51926535,
BRA,2016,0.5336719,
BRA,2017,0.5332116,
BRA,2018,0.5388841,
BRA,2019,0.5350941,
BRA,2020,0.4890203,
BRA,2021,0.52938807,
BRA,2022,0.52015305,
BRA,2023,0.5163944,South America
IOT,2023,,Asia
VGB,2023,,North America
BRN,2023,,Asia
BGR,1992,0.3071431,
BGR,2006,0.35688826,
BGR,2007,0.36095878,
BGR,2008,0.3357257,
BGR,2009,0.33823076,
BGR,2010,0.35653466,
BGR,2011,0.34274977,
BGR,2012,0.36010975,
BGR,2013,0.36570895,
BGR,2014,0.37415853,
BGR,2015,0.38564378,
BGR,2016,0.40589675,
BGR,2017,0.40378964,
BGR,2018,0.41284075,
BGR,2019,0.40271118,
BGR,2020,0.40523154,
BGR,2021,0.39005446,
BGR,2022,0.38201502,
BGR,2023,0.39470536,Europe
BFA,1994,0.48017555,
BFA,1998,0.4986853,
BFA,2003,0.4325115,
BFA,2009,0.397607,
BFA,2014,0.35301226,
BFA,2018,0.43016732,
BFA,2021,0.37391287,
BFA,2023,,Africa
BDI,1992,0.3333381,
BDI,1998,0.42058137,
BDI,2006,0.33359864,
BDI,2013,0.38623977,
BDI,2020,0.37456086,
BDI,2023,,Africa
KHM,2023,,Asia
CMR,1996,0.44446746,
CMR,2001,0.42136794,
CMR,2007,0.42820063,
CMR,2014,0.46640873,
CMR,2021,0.42176074,
CMR,2023,,Africa
CAN,1971,0.37246722,
CAN,1973,0.34901816,
CAN,1975,0.34087202,
CAN,1977,0.33729297,
CAN,1979,0.33469138,
CAN,1981,0.3296308,
CAN,1982,0.32930598,
CAN,1984,0.33518428,
CAN,1985,0.33174872,
CAN,1986,0.31675813,
CAN,1987,0.31653872,
CAN,1988,0.3119787,
CAN,1989,0.31012514,
CAN,1990,0.31365356,
CAN,1991,0.3194339,
CAN,1992,0.31564316,
CAN,1993,0.31675923,
CAN,1994,0.31303805,
CAN,1995,0.31509578,
CAN,1996,0.32768053,
CAN,1997,0.33116943,
CAN,1998,0.33217245,
CAN,1999,0.33060935,
CAN,2000,0.33418295,
CAN,2001,0.33554783,
CAN,2002,0.3356031,
CAN,2003,0.33809465,
CAN,2004,0.33776483,
CAN,2005,0.33621806,
CAN,2006,0.3409054,
CAN,2007,0.33841008,
CAN,2008,0.33930567,
CAN,2009,0.33952153,
CAN,2010,0.33592603,
CAN,2011,0.32657078,
CAN,2012,0.33539012,
CAN,2013,0.3379898,
CAN,2014,0.33157605,
CAN,2015,0.33746484,
CAN,2016,0.32701823,
CAN,2017,0.33308205,
CAN,2018,0.3250927,
CAN,2019,0.31749648,
CAN,2020,0.29851684,
CAN,2021,0.31114635,
CAN,2023,,North America
CPV,2001,0.5249523,
CPV,2007,0.47187388,
CPV,2015,0.42381087,
CPV,2023,,Africa
CYM,2023,,North America
CAF,1992,0.5968511,
CAF,2008,0.5619515,
CAF,2021,0.43034458,
CAF,2023,,Africa
TCD,2003,0.39811727,
TCD,2011,0.4332027,
TCD,2018,0.37499154,
TCD,2022,0.37357685,
TCD,2023,,Africa
CHL,1987,0.56193596,
CHL,1990,0.5723576,
CHL,1992,0.5480666,
CHL,1994,0.5642127,
CHL,1996,0.54868966,
CHL,1998,0.55516803,
CHL,2000,0.52758694,
CHL,2003,0.5147556,
CHL,2006,0.47706884,
CHL,2009,0.47404668,
CHL,2011,0.46868157,
CHL,2013,0.4682394,
CHL,2015,0.45343348,
CHL,2017,0.45269984,
CHL,2020,0.47004908,
CHL,2022,0.43042782,
CHL,2023,,South America
CHN,1981,0.28164098,
CHN,1984,0.271023,
CHN,1987,0.29385957,
CHN,1990,0.3222662,
CHN,1993,0.338778,
CHN,1996,0.3522766,
CHN,1999,0.38703215,
CHN,2002,0.41985726,
CHN,2005,0.40900767,
CHN,2008,0.4296504,
CHN,2010,0.43744954,
CHN,2011,0.42409223,
CHN,2012,0.42237166,
CHN,2013,0.397364,
CHN,2014,0.39177653,
CHN,2015,0.38595304,
CHN,2016,0.38480517,
CHN,2017,0.39075777,
CHN,2018,0.38497642,
CHN,2019,0.38168344,
CHN,2020,0.37090832,
CHN,2021,0.35743752,
CHN,2022,0.36019513,
CHN,2023,,Asia
,1981,0.24729232,
,1984,0.2668613,
,1987,0.29451063,
,1990,0.30475813,
,1993,0.2804393,
,1996,0.33620438,
,1999,0.35389417,
,2002,0.38019347,
,2005,0.35849202,
,2008,0.39399046,
,2010,0.4060783,
,2011,0.38497442,
,2012,0.39497343,
,2013,0.33971012,
,2014,0.3375639,
,2015,0.33242807,
,2016,0.33179837,
,2017,0.34255984,
,2018,0.33541563,
,2019,0.3267486,
,2020,0.31574252,
,2021,0.30404037,
,2022,0.3169194,
,1981,0.18508829,
,1984,0.17744046,
,1987,0.20129786,
,1990,0.2559464,
,1993,0.2846636,
,1996,0.29089227,
,1999,0.31547564,
,2002,0.3339575,
,2005,0.3473589,
,2008,0.35154304,
,2010,0.3574452,
,2011,0.35559225,
,2012,0.3535335,
,2013,0.3668623,
,2014,0.36429673,
,2015,0.36156222,
,2016,0.36124825,
,2017,0.3694193,
,2018,0.36906132,
,2019,0.37052557,
,2020,0.36667654,
,2021,0.35652608,
,2022,0.35928813,
CXR,2023,,Asia
CCK,2023,,Asia
COL,1992,0.5134726,
COL,1996,0.5677193,
COL,1999,0.5852623,
COL,2000,0.5837996,
COL,2001,0.57319844,
COL,2002,0.5600673,
COL,2003,0.5357277,
COL,2004,0.54974467,
COL,2005,0.5390761,
COL,2008,0.5530606,
COL,2009,0.54282105,
COL,2010,0.5461634,
COL,2011,0.53483087,
COL,2012,0.52637225,
COL,2013,0.5262469,
COL,2014,0.5254296,
COL,2015,0.509826,
COL,2016,0.50562435,
COL,2017,0.49706593,
COL,2018,0.50410366,
COL,2019,0.5132543,
COL,2020,0.5348644,
COL,2021,0.55117023,
COL,2022,0.5481858,
COL,2023,0.53881925,South America
,1980,0.5509124,
,1988,0.53106165,
,1989,0.528438,
,1991,0.51318896,
COM,2004,0.5592381,
COM,2014,0.45332187,
COM,2023,,Africa
COG,2005,0.47329873,
COG,2011,0.48937693,
COG,2023,,Africa
COK,2023,,Oceania
CRI,1981,0.47494763,
CRI,1986,0.3441325,
CRI,1989,0.4546494,
CRI,1990,0.45213926,
CRI,1991,0.46553165,
CRI,1992,0.45639223,
CRI,1993,0.45926362,
CRI,1994,0.46701846,
CRI,1995,0.45658925,
CRI,1996,0.4647768,
CRI,1997,0.45578167,
CRI,1998,0.456374,
CRI,1999,0.47630617,
CRI,2000,0.47409484,
CRI,2001,0.5150596,
CRI,2002,0.5181253,
CRI,2003,0.49300322,
CRI,2004,0.4841752,
CRI,2005,0.47510257,
CRI,2006,0.49280483,
CRI,2007,0.49312812,
CRI,2008,0.48640773,
CRI,2009,0.5055465,
CRI,2010,0.4804304,
CRI,2011,0.487592,
CRI,2012,0.484173,
CRI,2013,0.49151808,
CRI,2014,0.4863209,
CRI,2015,0.4837395,
CRI,2016,0.48704112,
CRI,2017,0.48345202,
CRI,2018,0.4796996,
CRI,2019,0.48189852,
CRI,2020,0.49245045,
CRI,2021,0.4867803,
CRI,2022,0.47151297,
CRI,2023,0.4672933,North America
CRI,2024,0.4582914,
CIV,1985,0.45520967,
CIV,1986,0.37969762,
CIV,1987,0.40509075,
CIV,1988,0.36886287,
CIV,1992,0.39381957,
CIV,1995,0.40563822,
CIV,1998,0.38957322,
CIV,2008,0.4317945,
CIV,2015,0.4146846,
CIV,2018,0.37168875,
CIV,2021,0.35275364,
CIV,2023,,Africa
HRV,1988,0.22780727,
HRV,2009,0.325536,
HRV,2010,0.32372993,
HRV,2011,0.32254216,
HRV,2012,0.3247164,
HRV,2013,0.31992215,
HRV,2014,0.3210291,
HRV,2015,0.3111313,
HRV,2016,0.30897874,
HRV,2017,0.30352274,
HRV,2018,0.29728624,
HRV,2019,0.28908283,
HRV,2020,0.29543304,
HRV,2021,0.28895947,
HRV,2022,0.30017322,
HRV,2023,0.30105957,Europe
CUB,2023,,North America
CUW,2023,,North America
CYP,2004,0.30089054,
CYP,2005,0.30259413,
CYP,2006,0.31125963,
CYP,2007,0.31113273,
CYP,2008,0.31708607,
CYP,2009,0.32108262,
CYP,2010,0.31457788,
CYP,2011,0.326255,
CYP,2012,0.34312433,
CYP,2013,0.37041834,
CYP,2014,0.35565284,
CYP,2015,0.33966377,
CYP,2016,0.32891682,
CYP,2017,0.31416234,
CYP,2018,0.32739753,
CYP,2019,0.3122324,
CYP,2020,0.31727943,
CYP,2021,0.3125177,
CYP,2022,0.31534076,
CYP,2023,0.318384,Europe
CZE,1992,0.20703283,
CZE,1993,0.2655349,
CZE,1996,0.2579901,
CZE,2002,0.26555094,
CZE,2004,0.2753318,
CZE,2005,0.26946017,
CZE,2006,0.26744118,
CZE,2007,0.2599865,
CZE,2008,0.26280212,
CZE,2009,0.26156676,
CZE,2010,0.26623514,
CZE,2011,0.26381275,
CZE,2012,0.2610994,
CZE,2013,0.26473904,
CZE,2014,0.25923222,
CZE,2015,0.25867426,
CZE,2016,0.25406334,
CZE,2017,0.2485221,
CZE,2018,0.24990341,
CZE,2019,0.25262198,
CZE,2020,0.26245132,
CZE,2021,0.26202103,
CZE,2022,0.2587039,
CZE,2023,0.25713998,Europe
OWID_CZS,2023,,Europe
COD,2004,0.41633895,
COD,2012,0.4207512,
COD,2020,0.4467324,
COD,2023,,Africa
,2023,,Asia
DNK,1987,0.2623234,
DNK,1992,0.24691045,
DNK,1995,0.22955896,
DNK,2000,0.2376632,
DNK,2003,0.2563104,
DNK,2004,0.24911796,
DNK,2005,0.25186387,
DNK,2006,0.25913078,
DNK,2007,0.26184258,
DNK,2008,0.25246271,
DNK,2009,0.26701194,
DNK,2010,0.2719856,
DNK,2011,0.27311745,
DNK,2012,0.2779075,
DNK,2013,0.28542548,
DNK,2014,0.2835288,
DNK,2015,0.28177243,
DNK,2016,0.28187442,
DNK,2017,0.28746662,
DNK,2018,0.28165728,
DNK,2019,0.27723315,
DNK,2020,0.27503937,
DNK,2021,0.28323492,
DNK,2022,0.29259402,
DNK,2023,0.2992485,Europe
DJI,2002,0.39997378,
DJI,2012,0.4510654,
DJI,2013,0.44118604,
DJI,2017,0.41586015,
DJI,2023,,Africa
DMA,2023,,North America
DOM,1986,0.47780794,
DOM,1989,0.5044813,
DOM,1992,0.5105342,
DOM,1996,0.47420478,
DOM,1997,0.4890393,
DOM,2000,0.51514596,
DOM,2001,0.49999,
DOM,2002,0.4967226,
DOM,2003,0.5212065,
DOM,2004,0.520509,
DOM,2005,0.49965227,
DOM,2006,0.51961297,
DOM,2007,0.48855639,
DOM,2008,0.48107606,
DOM,2009,0.48875666,
DOM,2010,0.47325945,
DOM,2011,0.47706905,
DOM,2012,0.46133542,
DOM,2013,0.47656393,
DOM,2014,0.44279468,
DOM,2015,0.45181024,
DOM,2016,0.45722714,
DOM,2017,0.4219328,
DOM,2018,0.43686157,
DOM,2019,0.41917238,
DOM,2020,0.39628673,
DOM,2021,0.38529354,
DOM,2022,0.369794,
DOM,2023,0.38397565,North America
DOM,2024,0.38971257,
,2023,,Europe
,2023,,Europe
OWID_GDR,2023,,Europe
TLS,2001,0.35935292,
TLS,2007,0.27823317,
TLS,2014,0.28652927,
TLS,2023,,Asia
ECU,1994,0.5333368,
ECU,1999,0.5857383,
ECU,2000,0.5630455,
ECU,2003,0.5351476,
ECU,2004,0.53891784,
ECU,2005,0.530574,
ECU,2006,0.5225062,
ECU,2007,0.53355306,
ECU,2008,0.4978813,
ECU,2009,0.4849893,
ECU,2010,0.48800084,
ECU,2011,0.45871636,
ECU,2012,0.46109542,
ECU,2013,0.46862498,
ECU,2014,0.4499268,
ECU,2015,0.4595101,
ECU,2016,0.45016456,
ECU,2017,0.44670117,
ECU,2018,0.4543803,
ECU,2019,0.4571004,
ECU,2020,0.47309673,
ECU,2021,0.45797622,
ECU,2022,0.4546512,
ECU,2023,0.44579554,South America
ECU,2024,0.45195475,
,1987,0.5048004,
,1995,0.50834566,
,1998,0.49607277,
EGY,1990,0.3200394,
EGY,1995,0.3008284,
EGY,1999,0.30834845,
EGY,2004,0.31847546,
EGY,2008,0.31102437,
EGY,2010,0.30191457,
EGY,2012,0.28292203,
EGY,2015,0.31823358,
EGY,2017,0.31533954,
EGY,2019,0.3189325,
EGY,2021,0.28482038,
EGY,2023,,Africa
SLV,1989,0.48709404,
SLV,1991,0.53787655,
SLV,1995,0.49846727,
SLV,1996,0.5095692,
SLV,1998,0.5437271,
SLV,1999,0.52075946,
SLV,2000,0.5146319,
SLV,2001,0.5134626,
SLV,2002,0.518506,
SLV,2003,0.5043299,
SLV,2004,0.47798017,
SLV,2005,0.48471633,
SLV,2006,0.4568923,
SLV,2007,0.4521747,
SLV,2008,0.4688559,
SLV,2009,0.4582484,
SLV,2010,0.4351326,
SLV,2011,0.42317978,
SLV,2012,0.41828832,
SLV,2013,0.4335865,
SLV,2014,0.4155944,
SLV,2015,0.40551814,
SLV,2016,0.39978543,
SLV,2017,0.38007152,
SLV,2018,0.38610572,
SLV,2019,0.38778764,
SLV,2021,0.39010632,
SLV,2022,0.38753,
SLV,2023,0.39802378,North America
GNQ,2022,0.38542363,
GNQ,2023,,Africa
ERI,2023,,Africa
EST,1993,0.39427334,
EST,2003,0.37194708,
EST,2004,0.3355925,
EST,2005,0.33446768,
EST,2006,0.33667657,
EST,2007,0.3117838,
EST,2008,0.3191497,
EST,2009,0.31442666,
EST,2010,0.31999838,
EST,2011,0.3248838,
EST,2012,0.32913485,
EST,2013,0.3507549,
EST,2014,0.3458778,
EST,2015,0.32667875,
EST,2016,0.31194672,
EST,2017,0.30354282,
EST,2018,0.303201,
EST,2019,0.30765346,
EST,2020,0.30737072,
EST,2021,0.3183396,
EST,2022,0.32252404,
EST,2023,0.30707377,Europe
SWZ,1994,0.5871373,
SWZ,2000,0.5311352,
SWZ,2009,0.5144217,
SWZ,2016,0.54579794,
SWZ,2023,,Africa
ETH,1995,0.44563574,
ETH,1999,0.29975796,
ETH,2004,0.29806852,
ETH,2010,0.33170602,
ETH,2015,0.34993124,
ETH,2021,0.31141794,
ETH,2023,,Africa
OWID_ERE,2023,,Africa
,1981,0.30980363,
FLK,2023,,South America
FRO,2023,,Europe
,2023,,North America
FJI,2002,0.38102055,
FJI,2008,0.40375587,
FJI,2013,0.36696598,
FJI,2019,0.30706868,
FJI,2023,,Oceania
FIN,1987,0.22171399,
FIN,1991,0.22879761,
FIN,1995,0.23459136,
FIN,2000,0.27156627,
FIN,2003,0.2768643,
FIN,2004,0.27897653,
FIN,2005,0.27619493,
FIN,2006,0.27998725,
FIN,2007,0.28285563,
FIN,2008,0.27838135,
FIN,2009,0.27455276,
FIN,2010,0.27713963,
FIN,2011,0.2764265,
FIN,2012,0.2709638,
FIN,2013,0.27193668,
FIN,2014,0.26776806,
FIN,2015,0.27101812,
FIN,2016,0.27078423,
FIN,2017,0.27382833,
FIN,2018,0.2732957,
FIN,2019,0.27737126,
FIN,2020,0.27091044,
FIN,2021,0.27708507,
FIN,2022,0.27925923,
FIN,2023,0.27399832,Europe
FRA,1970,0.37145555,
FRA,1975,0.35918272,
FRA,1979,0.34042618,
FRA,1984,0.3339817,
FRA,1990,0.32119063,
FRA,1996,0.32016575,
FRA,1997,0.3190015,
FRA,1998,0.31657764,
FRA,1999,0.32499772,
FRA,2000,0.32553056,
FRA,2001,0.3253329,
FRA,2002,0.31778157,
FRA,2003,0.31411055,
FRA,2004,0.30647257,
FRA,2005,0.29833868,
FRA,2006,0.29691088,
FRA,2007,0.32427707,
FRA,2008,0.32996443,
FRA,2009,0.3266122,
FRA,2010,0.3372042,
FRA,2011,0.3329475,
FRA,2012,0.3311486,
FRA,2013,0.32512555,
FRA,2014,0.32262158,
FRA,2015,0.3270423,
FRA,2016,0.31923518,
FRA,2017,0.3163205,
FRA,2018,0.32380664,
FRA,2019,0.31199566,
FRA,2020,0.3066147,
FRA,2021,0.31500956,
FRA,2022,0.3123691,
FRA,2023,0.3180931,Europe
GUF,2023,,South America
PYF,2023,,Oceania
GAB,2005,0.42184988,
GAB,2017,0.38024372,
GAB,2023,,Africa
GMB,1998,0.48322016,
GMB,2003,0.47315526,
GMB,2010,0.4356842,
GMB,2015,0.35918832,
GMB,2020,0.38757205,
GMB,2023,,Africa
GEO,1996,0.37132707,
GEO,1997,0.40680897,
GEO,1998,0.41227973,
GEO,1999,0.4012637,
GEO,2000,0.4045737,
GEO,2001,0.39555073,
GEO,2002,0.3724569,
GEO,2003,0.36649796,
GEO,2004,0.3616829,
GEO,2005,0.3737492,
GEO,2006,0.36865136,
GEO,2007,0.38107985,
GEO,2008,0.38532415,
GEO,2009,0.38234505,
GEO,2010,0.39458388,
GEO,2011,0.39593115,
GEO,2012,0.3895387,
GEO,2013,0.38588786,
GEO,2014,0.37554133,
GEO,2015,0.36503676,
GEO,2016,0.3663965,
GEO,2017,0.37939575,
GEO,2018,0.36411363,
GEO,2019,0.35900697,
GEO,2020,0.3446497,
GEO,2021,0.34178445,
GEO,2022,0.33500025,
GEO,2023,0.34756896,Asia
GEO,2024,0.33853805,
DEU,1991,0.29492873,
DEU,1992,0.2907326,
DEU,1993,0.28612086,
DEU,1994,0.29159415,
DEU,1995,0.28811273,
DEU,1996,0.27993777,
DEU,1997,0.28246725,
DEU,1998,0.2827037,
DEU,1999,0.29047978,
DEU,2000,0.2888814,
DEU,2001,0.29949388,
DEU,2002,0.29810533,
DEU,2003,0.2980293,
DEU,2004,0.30192587,
DEU,2005,0.31704092,
DEU,2006,0.3104196,
DEU,2007,0.3117709,
DEU,2008,0.30800265,
DEU,2009,0.30479428,
DEU,2010,0.30218413,
DEU,2011,0.30610505,
DEU,2012,0.3105579,
DEU,2013,0.31453598,
DEU,2014,0.30847794,
DEU,2015,0.31653914,
DEU,2016,0.3141309,
DEU,2017,0.31314865,
DEU,2018,0.31872115,
DEU,2019,0.31780925,
DEU,2020,0.3243345,
DEU,2023,,Europe
GHA,1987,0.35349578,
GHA,1988,0.3599354,
GHA,1991,0.38431713,
GHA,1998,0.40071207,
GHA,2005,0.42756242,
GHA,2012,0.42371643,
GHA,2016,0.43508595,
GHA,2023,,Africa
GIB,2023,,Europe
,2023,,Europe
,2023,,Europe
,2023,,South America
GRC,1995,0.36966342,
GRC,2000,0.3444035,
GRC,2002,0.3552098,
GRC,2003,0.327592,
GRC,2004,0.3358803,
GRC,2005,0.3459669,
GRC,2006,0.3512182,
GRC,2007,0.3395082,
GRC,2008,0.33587718,
GRC,2009,0.33614972,
GRC,2010,0.3409876,
GRC,2011,0.34841916,
GRC,2012,0.36250362,
GRC,2013,0.36127287,
GRC,2014,0.35804522,
GRC,2015,0.35996836,
GRC,2016,0.34956044,
GRC,2017,0.3435031,
GRC,2018,0.32890037,
GRC,2019,0.3310183,
GRC,2020,0.33558115,
GRC,2021,0.32939485,
GRC,2022,0.333736,
GRC,2023,0.3343871,Europe
GRL,2023,,North America
GRD,2018,0.4381641,
GRD,2023,,North America
GLP,2023,,North America
GUM,2023,,Oceania
GTM,1986,0.5413272,
GTM,1989,0.5880921,
GTM,1998,0.493976,
GTM,2000,0.5417457,
GTM,2006,0.54540217,
GTM,2014,0.4832652,
GTM,2023,0.45212683,North America
GGY,2023,,Europe
GIN,1991,0.4555829,
GIN,1994,0.4608161,
GIN,2002,0.43002704,
GIN,2007,0.39355347,
GIN,2012,0.33729705,
GIN,2018,0.29591954,
GIN,2023,,Africa
GNB,1991,0.5575031,
GNB,1993,0.4360943,
GNB,2002,0.35568836,
GNB,2010,0.5060209,
GNB,2018,0.34765232,
GNB,2021,0.33435068,
GNB,2023,,Africa
GUY,1992,0.3946759,
GUY,1998,0.4505283,
GUY,2023,,South America
HTI,2001,0.58991164,
HTI,2012,0.60450804,
HTI,2023,,North America
HND,1989,0.5536728,
HND,1990,0.5592856,
HND,1991,0.5181965,
HND,1992,0.518039,
HND,1993,0.5344484,
HND,1994,0.54991335,
HND,1995,0.5546937,
HND,1996,0.55696726,
HND,1997,0.52727354,
HND,1998,0.5728848,
HND,1999,0.55214244,
HND,2001,0.55351347,
HND,2002,0.5570879,
HND,2003,0.58078057,
HND,2004,0.58092374,
HND,2005,0.5947673,
HND,2006,0.57524985,
HND,2007,0.55815727,
HND,2008,0.55489266,
HND,2009,0.51281667,
HND,2010,0.5308564,
HND,2011,0.52553743,
HND,2012,0.5336492,
HND,2013,0.49958476,
HND,2014,0.4987487,
HND,2015,0.49248698,
HND,2016,0.4979713,
HND,2017,0.49444568,
HND,2018,0.4892785,
HND,2019,0.4816897,
HND,2023,0.46826828,North America
HND,2024,0.45676118,
,1986,0.5509298,
HKG,2023,,Asia
HUN,1987,0.20883092,
HUN,1989,0.2504778,
HUN,1991,0.2962293,
HUN,1993,0.27938303,
HUN,1994,0.33285597,
HUN,1999,0.30219844,
HUN,2004,0.29864356,
HUN,2005,0.3472095,
HUN,2006,0.2829602,
HUN,2007,0.27881828,
HUN,2008,0.27514026,
HUN,2009,0.2695926,
HUN,2010,0.29444122,
HUN,2011,0.29157913,
HUN,2012,0.3080251,
HUN,2013,0.31504104,
HUN,2014,0.30913037,
HUN,2015,0.30407092,
HUN,2016,0.3032402,
HUN,2017,0.30582544,
HUN,2023,,Europe
ISL,2003,0.26836038,
ISL,2004,0.2798185,
ISL,2005,0.29002446,
ISL,2006,0.3024501,
ISL,2007,0.29470888,
ISL,2008,0.3178928,
ISL,2009,0.28656244,
ISL,2010,0.26171297,
ISL,2011,0.2683027,
ISL,2012,0.26769423,
ISL,2013,0.25402915,
ISL,2014,0.27800417,
ISL,2015,0.26787972,
ISL,2016,0.27241105,
ISL,2017,0.2613158,
ISL,2018,0.2656501,
ISL,2019,0.26802558,
ISL,2023,,Europe
IND,1977,0.29687822,
IND,1983,0.27203676,
IND,1987,0.27531004,
IND,1993,0.26109812,
IND,2004,0.27682066,
IND,2009,0.27825886,
IND,2011,0.28776884,
IND,2022,0.25514996,
IND,2023,,Asia
IDN,1984,0.32302415,
IDN,1987,0.30412093,
IDN,1990,0.31069273,
IDN,1993,0.31754944,
IDN,1996,0.34213793,
IDN,1998,0.3085094,
IDN,1999,0.30788475,
IDN,2000,0.30306274,
IDN,2001,0.31165913,
IDN,2002,0.30163765,
IDN,2003,0.29323187,
IDN,2004,0.30416507,
IDN,2005,0.2990362,
IDN,2006,0.31524122,
IDN,2007,0.33231717,
IDN,2008,0.3263291,
IDN,2009,0.33432707,
IDN,2010,0.3458631,
IDN,2011,0.37925914,
IDN,2012,0.3714888,
IDN,2013,0.38926852,
IDN,2014,0.3877997,
IDN,2015,0.38207534,
IDN,2016,0.368857,
IDN,2017,0.3636789,
IDN,2018,0.36338645,
IDN,2019,0.35359862,
IDN,2020,0.35335615,
IDN,2021,0.35504764,
IDN,2022,0.3551203,
IDN,2023,0.3605703,Asia
IDN,2024,0.34894395,
IRN,1986,0.4741963,
IRN,1990,0.43604776,
IRN,1994,0.42998368,
IRN,1998,0.4409564,
IRN,2005,0.43558642,
IRN,2006,0.44752038,
IRN,2009,0.42050025,
IRN,2011,0.34661976,
IRN,2012,0.3442554,
IRN,2013,0.3396951,
IRN,2014,0.3481402,
IRN,2015,0.35264045,
IRN,2016,0.35912308,
IRN,2017,0.36693677,
IRN,2018,0.37419906,
IRN,2019,0.36482254,
IRN,2020,0.3584293,
IRN,2021,0.3546873,
IRN,2022,0.34803438,
IRN,2023,0.35884795,Asia
IRQ,2006,0.28600612,
IRQ,2012,0.29541856,
IRQ,2023,0.2977404,Asia
IRL,1987,0.35466203,
IRL,1994,0.36914206,
IRL,1995,0.3704509,
IRL,1996,0.35622135,
IRL,2000,0.33005205,
IRL,2002,0.32290256,
IRL,2003,0.3288742,
IRL,2004,0.3360954,
IRL,2005,0.3375395,
IRL,2006,0.32727566,
IRL,2007,0.31946576,
IRL,2008,0.30905616,
IRL,2009,0.32680154,
IRL,2010,0.32294828,
IRL,2011,0.32872188,
IRL,2012,0.33220014,
IRL,2013,0.33485678,
IRL,2014,0.31874454,
IRL,2015,0.3182037,
IRL,2016,0.32807145,
IRL,2017,0.31358722,
IRL,2018,0.30602926,
IRL,2019,0.3025755,
IRL,2020,0.2922815,
IRL,2021,0.29371855,
IRL,2022,0.2991203,
IRL,2023,0.2897247,Europe
IMN,2023,,Europe
ISR,1979,0.36329976,
ISR,1986,0.3649054,
ISR,1992,0.35507256,
ISR,1997,0.38097107,
ISR,2001,0.38947663,
ISR,2002,0.39559424,
ISR,2003,0.4072257,
ISR,2004,0.414563,
ISR,2005,0.42267624,
ISR,2006,0.4155532,
ISR,2007,0.41098633,
ISR,2008,0.4164268,
ISR,2009,0.4263395,
ISR,2010,0.42559466,
ISR,2011,0.41444165,
ISR,2012,0.41302204,
ISR,2013,0.39870527,
ISR,2014,0.3975749,
ISR,2015,0.3971953,
ISR,2016,0.39013016,
ISR,2017,0.38202065,
ISR,2018,0.38577175,
ISR,2019,0.3828222,
ISR,2020,0.37773558,
ISR,2021,0.3789385,
ISR,2023,,Asia
ITA,1977,0.34006613,
ITA,1978,0.33277303,
ITA,1979,0.3326154,
ITA,1980,0.32899266,
ITA,1981,0.3157181,
ITA,1982,0.2923156,
ITA,1983,0.29767215,
ITA,1984,0.31334364,
ITA,1986,0.31162822,
ITA,1987,0.34179533,
ITA,1989,0.3210614,
ITA,1991,0.31049973,
ITA,1993,0.35086438,
ITA,1995,0.35210875,
ITA,1998,0.36652502,
ITA,2000,0.35244963,
ITA,2002,0.3469586,
ITA,2003,0.3492876,
ITA,2004,0.3429309,
ITA,2005,0.33831015,
ITA,2006,0.33694813,
ITA,2007,0.32888323,
ITA,2008,0.33767787,
ITA,2009,0.33833045,
ITA,2010,0.34716856,
ITA,2011,0.35053095,
ITA,2012,0.35151574,
ITA,2013,0.34905812,
ITA,2014,0.346525,
ITA,2015,0.35390204,
ITA,2016,0.3523976,
ITA,2017,0.35922337,
ITA,2018,0.35217443,
ITA,2019,0.34583676,
ITA,2020,0.3524098,
ITA,2021,0.34844652,
ITA,2022,0.33651528,
ITA,2023,0.34344622,Europe
JAM,1988,0.4315501,
JAM,1990,0.41113734,
JAM,1993,0.35673422,
JAM,1996,0.40394902,
JAM,1999,0.44078472,
JAM,2002,0.48315668,
JAM,2004,0.45457473,
JAM,2018,0.35333386,
JAM,2021,0.39874473,
JAM,2023,,North America
JPN,2008,0.34599212,
JPN,2009,0.32979482,
JPN,2010,0.3149226,
JPN,2011,0.32975632,
JPN,2012,0.32534882,
JPN,2013,0.31533545,
JPN,2014,0.31277955,
JPN,2015,0.3070093,
JPN,2016,0.31840593,
JPN,2017,0.31792736,
JPN,2018,0.32894954,
JPN,2019,0.32984936,
JPN,2020,0.32339275,
JPN,2023,,Asia
JEY,2023,,Europe
JOR,1986,0.3606143,
JOR,1992,0.43099582,
JOR,1997,0.36420527,
JOR,2002,0.36954618,
JOR,2006,0.33856255,
JOR,2008,0.3257345,
JOR,2010,0.3365573,
JOR,2023,,Asia
KAZ,1993,0.32665735,
KAZ,1996,0.35378307,
KAZ,2001,0.35964486,
KAZ,2002,0.3481113,
KAZ,2003,0.33691478,
KAZ,2004,0.3183876,
KAZ,2005,0.3982598,
KAZ,2006,0.30243865,
KAZ,2007,0.30084056,
KAZ,2008,0.28496444,
KAZ,2009,0.28208867,
KAZ,2010,0.27954513,
KAZ,2011,0.27983844,
KAZ,2012,0.2816882,
KAZ,2013,0.2706543,
KAZ,2014,0.2701586,
KAZ,2015,0.26803666,
KAZ,2016,0.27225325,
KAZ,2017,0.27450275,
KAZ,2018,0.27792874,
KAZ,2019,0.27968282,
KAZ,2020,0.2868392,
KAZ,2021,0.29191533,
KAZ,2023,,Asia
KEN,1992,0.5692624,
KEN,1994,0.43104744,
KEN,1997,0.44982764,
KEN,2005,0.4644277,
KEN,2015,0.4077488,
KEN,2020,0.36246458,
KEN,2021,0.38701963,
KEN,2022,0.37743774,
KEN,2023,,Africa
,2023,,Europe
,2023,,Europe
,2023,,Europe
,2023,,Europe
,2023,,Europe
KIR,2006,0.36973003,
KIR,2019,0.27832702,
KIR,2023,,Oceania
OWID_KRU,2023,,Asia
OWID_KOS,2017,0.44194052,
OWID_KOS,2018,0.44592932,
OWID_KOS,2019,0.40205404,
OWID_KOS,2020,0.57414025,
OWID_KOS,2021,0.49384618,
OWID_KOS,2022,0.38305664,
OWID_KOS,2023,,Europe
KWT,2023,,Asia
KGZ,2000,0.31035012,
KGZ,2001,0.3016398,
KGZ,2002,0.30302387,
KGZ,2003,0.28708646,
KGZ,2004,0.3477343,
KGZ,2005,0.32561347,
KGZ,2006,0.3738124,
KGZ,2007,0.3391182,
KGZ,2008,0.3145065,
KGZ,2009,0.2987395,
KGZ,2010,0.30133805,
KGZ,2011,0.278397,
KGZ,2012,0.27356684,
KGZ,2013,0.28814632,
KGZ,2014,0.26819003,
KGZ,2015,0.2899777,
KGZ,2016,0.26780677,
KGZ,2017,0.2733501,
KGZ,2018,0.27690303,
KGZ,2019,0.2970045,
KGZ,2020,0.28989273,
KGZ,2021,0.28793305,
KGZ,2022,0.26352528,
KGZ,2023,0.2718802,Asia
LAO,1992,0.34309775,
LAO,1997,0.3489394,
LAO,2002,0.32620108,
LAO,2007,0.35361034,
LAO,2012,0.35963547,
LAO,2018,0.38802433,
LAO,2023,,Asia
LVA,1993,0.26993132,
LVA,1995,0.30977485,
LVA,1996,0.31590763,
LVA,2004,0.36382478,
LVA,2005,0.38973054,
LVA,2006,0.35596946,
LVA,2007,0.37461096,
LVA,2008,0.37211558,
LVA,2009,0.3594563,
LVA,2010,0.35030216,
LVA,2011,0.3577257,
LVA,2012,0.3523601,
LVA,2013,0.35497323,
LVA,2014,0.35113618,
LVA,2015,0.34202468,
LVA,2016,0.34328842,
LVA,2017,0.35571015,
LVA,2018,0.35095707,
LVA,2019,0.34489107,
LVA,2020,0.3570395,
LVA,2021,0.3425583,
LVA,2022,0.33675846,
LVA,2023,0.3397468,Europe
LBN,2011,0.3183245,
LBN,2022,0.35281137,
LBN,2023,,Asia
LSO,1986,0.5601246,
LSO,1994,0.630115,
LSO,2002,0.5119383,
LSO,2017,0.44877613,
LSO,2023,,Africa
LBR,2007,0.36446577,
LBR,2014,0.33237883,
LBR,2016,0.3526544,
LBR,2023,,Africa
LBY,2023,,Africa
LIE,2023,,Europe
LTU,1993,0.33183792,
LTU,2004,0.37011084,
LTU,2005,0.3529672,
LTU,2006,0.34414458,
LTU,2007,0.34789112,
LTU,2008,0.35727003,
LTU,2009,0.37218463,
LTU,2010,0.33608714,
LTU,2011,0.3248643,
LTU,2012,0.350923,
LTU,2013,0.35307318,
LTU,2014,0.37675023,
LTU,2015,0.373703,
LTU,2016,0.3838584,
LTU,2017,0.37283584,
LTU,2018,0.3570533,
LTU,2019,0.3525135,
LTU,2020,0.35956642,
LTU,2021,0.3665641,
LTU,2022,0.3656239,
LTU,2023,0.35961652,Europe
LUX,1985,0.26294357,
LUX,1986,0.28112763,
LUX,1987,0.2954707,
LUX,1988,0.28827298,
LUX,1989,0.30814338,
LUX,1990,0.27716637,
LUX,1991,0.2717853,
LUX,1992,0.27309504,
LUX,1993,0.27047905,
LUX,1994,0.28147867,
LUX,1995,0.2834895,
LUX,1996,0.29043368,
LUX,1997,0.2959526,
LUX,1998,0.30622813,
LUX,1999,0.30041057,
LUX,2000,0.30102962,
LUX,2001,0.30926323,
LUX,2002,0.31063896,
LUX,2003,0.30187473,
LUX,2004,0.30172697,
LUX,2005,0.30840808,
LUX,2006,0.3094812,
LUX,2007,0.31133747,
LUX,2008,0.32561544,
LUX,2009,0.31196913,
LUX,2010,0.3050438,
LUX,2011,0.3205409,
LUX,2012,0.3434715,
LUX,2013,0.3203596,
LUX,2014,0.3115807,
LUX,2015,0.3292147,
LUX,2016,0.31727895,
LUX,2017,0.3451529,
LUX,2018,0.35367864,
LUX,2019,0.34241155,
LUX,2020,0.3337364,
LUX,2021,0.32719034,
LUX,2022,0.34093988,
LUX,2023,0.33591464,Europe
MAC,2023,,Asia
MDG,1980,0.46848634,
MDG,1993,0.45198697,
MDG,1997,0.39428085,
MDG,1999,0.38580093,
MDG,2001,0.47435132,
MDG,2005,0.39936346,
MDG,2010,0.42413926,
MDG,2012,0.42637607,
MDG,2021,0.3681921,
MDG,2023,,Africa
MWI,1997,0.6575523,
MWI,2004,0.39872152,
MWI,2010,0.45473015,
MWI,2016,0.44694307,
MWI,2019,0.38542736,
MWI,2023,,Africa
MYS,1984,0.48496294,
MYS,1987,0.47041824,
MYS,1989,0.46168482,
MYS,1992,0.47653723,
MYS,1995,0.48522663,
MYS,1997,0.49149647,
MYS,2003,0.46416193,
MYS,2006,0.4475235,
MYS,2008,0.45479712,
MYS,2011,0.43943596,
MYS,2013,0.41348827,
MYS,2015,0.410664,
MYS,2018,0.41176775,
MYS,2021,0.40668428,
MYS,2023,,Asia
MDV,2002,0.41312027,
MDV,2009,0.38372764,
MDV,2016,0.31285647,
MDV,2019,0.2928509,
MDV,2023,,Asia
MLI,1994,0.5013056,
MLI,2001,0.3986631,
MLI,2006,0.3892909,
MLI,2009,0.33034363,
MLI,2018,0.3596336,
MLI,2021,0.35653594,
MLI,2023,,Africa
MLT,2006,0.28019977,
MLT,2007,0.29207733,
MLT,2008,0.28995508,
MLT,2009,0.30244434,
MLT,2010,0.2902576,
MLT,2011,0.29142106,
MLT,2012,0.29360434,
MLT,2013,0.28843665,
MLT,2014,0.29020345,
MLT,2015,0.29433772,
MLT,2016,0.29089016,
MLT,2017,0.29232237,
MLT,2018,0.28665087,
MLT,2019,0.31041765,
MLT,2020,0.3140378,
MLT,2021,0.31565055,
MLT,2022,0.34587276,
MLT,2023,,Europe
MHL,2019,0.35482943,
MHL,2023,,Oceania
MTQ,2023,,North America
MRT,1987,0.43938306,
MRT,1993,0.49524376,
MRT,1995,0.37747362,
MRT,2000,0.39028475,
MRT,2004,0.40168762,
MRT,2008,0.35685378,
MRT,2014,0.3261935,
MRT,2019,0.31996748,
MRT,2023,,Africa
MUS,2006,0.3565342,
MUS,2012,0.384654,
MUS,2017,0.36761206,
MUS,2023,,Africa
MYT,2023,,Africa
MEX,1984,0.4852701,
MEX,1989,0.50109,
MEX,1992,0.52310723,
MEX,1994,0.53422207,
MEX,1996,0.51971227,
MEX,1998,0.5328315,
MEX,2000,0.5341742,
MEX,2002,0.50582886,
MEX,2004,0.50343025,
MEX,2005,0.50938904,
MEX,2006,0.49712265,
MEX,2008,0.5084356,
MEX,2010,0.4765793,
MEX,2012,0.49597234,
MEX,2014,0.48912337,
MEX,2016,0.46912423,
MEX,2018,0.45954892,
MEX,2020,0.44594306,
MEX,2022,0.43454006,
MEX,2023,,North America
FSM,2005,0.423558,
FSM,2013,0.40052038,
FSM,2023,,Oceania
,2000,0.6307854,
MDA,1997,0.36942142,
MDA,1998,0.39518538,
MDA,1999,0.4262399,
MDA,2000,0.3642439,
MDA,2001,0.37988025,
MDA,2002,0.3584591,
MDA,2003,0.34902084,
MDA,2004,0.35029566,
MDA,2005,0.36280838,
MDA,2006,0.35399818,
MDA,2007,0.34421042,
MDA,2008,0.34692442,
MDA,2009,0.32910907,
MDA,2010,0.3205092,
MDA,2011,0.30628577,
MDA,2012,0.2915884,
MDA,2013,0.2853416,
MDA,2014,0.26833853,
MDA,2015,0.27028158,
MDA,2016,0.26345387,
MDA,2017,0.25899243,
MDA,2018,0.25661647,
MDA,2019,0.26016647,
MDA,2020,0.25045705,
MDA,2021,0.25731638,
MDA,2022,0.25864446,
MDA,2023,0.26764753,Europe
MCO,2023,,Europe
MNG,1995,0.3319534,
MNG,1998,0.30271962,
MNG,2002,0.32892948,
MNG,2007,0.3582187,
MNG,2010,0.33081213,
MNG,2011,0.33883506,
MNG,2012,0.33751616,
MNG,2014,0.3203779,
MNG,2016,0.32345733,
MNG,2018,0.3274099,
MNG,2022,0.31416476,
MNG,2023,,Asia
MNE,2012,0.4120617,
MNE,2013,0.39021727,
MNE,2014,0.38769287,
MNE,2015,0.39005032,
MNE,2016,0.384665,
MNE,2017,0.36880922,
MNE,2018,0.3680896,
MNE,2019,0.35665396,
MNE,2020,0.35412297,
MNE,2021,0.34296975,
MNE,2023,,Europe
MSR,2023,,North America
MAR,1984,0.36468908,
MAR,1990,0.39206904,
MAR,1998,0.39353913,
MAR,2000,0.40636942,
MAR,2006,0.40718302,
MAR,2013,0.39548507,
MAR,2023,,Africa
MOZ,1996,0.53262776,
MOZ,2002,0.46948156,
MOZ,2008,0.45483,
MOZ,2014,0.5395343,
MOZ,2019,0.5073723,
MOZ,2022,0.49557135,
MOZ,2023,,Africa
MMR,2015,0.3806851,
MMR,2017,0.3069687,
MMR,2023,,Asia
NAM,1993,0.7105055,
NAM,2003,0.6331697,
NAM,2009,0.609647,
NAM,2015,0.5906661,
NAM,2023,,Africa
NRU,2012,0.3236158,
NRU,2023,,Oceania
NPL,1984,0.3005754,
NPL,1995,0.35207018,
NPL,2003,0.43768105,
NPL,2010,0.32840586,
NPL,2022,0.30020264,
NPL,2023,,Asia
NLD,1983,0.28364167,
NLD,1987,0.2676962,
NLD,1990,0.31086764,
NLD,1993,0.3043155,
NLD,1999,0.28063396,
NLD,2004,0.2980001,
NLD,2005,0.2904823,
NLD,2006,0.30043328,
NLD,2007,0.2959278,
NLD,2008,0.29298013,
NLD,2009,0.27881998,
NLD,2010,0.2784524,
NLD,2011,0.27750087,
NLD,2012,0.2762093,
NLD,2013,0.2810648,
NLD,2014,0.2863142,
NLD,2015,0.2824158,
NLD,2016,0.2817357,
NLD,2017,0.28535807,
NLD,2018,0.2812104,
NLD,2019,0.29248327,
NLD,2020,0.2599421,
NLD,2021,0.2574387,
NLD,2023,,Europe
ANT,2023,,North America
NCL,2023,,Oceania
NZL,2023,,Oceania
NIC,1993,0.57121277,
NIC,1998,0.54375845,
NIC,2001,0.5287477,
NIC,2005,0.48820037,
NIC,2009,0.43941626,
NIC,2014,0.46156293,
NIC,2023,,North America
NER,1992,0.3604249,
NER,1994,0.41460487,
NER,2005,0.44387317,
NER,2007,0.37304205,
NER,2011,0.31451714,
NER,2014,0.34276575,
NER,2018,0.37259424,
NER,2021,0.32862565,
NER,2023,,Africa
NGA,1985,0.3867785,
NGA,1992,0.44922248,
NGA,1996,0.5189936,
NGA,2003,0.40060818,
NGA,2010,0.3565021,
NGA,2012,0.35513008,
NGA,2015,0.3587978,
NGA,2018,0.35127744,
NGA,2022,0.3389487,
NGA,2023,,Africa
NIU,2023,,Oceania
NFK,2023,,Oceania
PRK,2023,,Asia
MKD,2009,0.42760772,
MKD,2010,0.40065548,
MKD,2011,0.39360675,
MKD,2012,0.38132396,
MKD,2013,0.36239138,
MKD,2014,0.3520166,
MKD,2015,0.35590693,
MKD,2016,0.3453452,
MKD,2017,0.34198907,
MKD,2018,0.3296047,
MKD,2019,0.3350583,
MKD,2023,,Europe
MNP,2023,,Oceania
NOR,1979,0.2689476,
NOR,1986,0.24630482,
NOR,1991,0.25226286,
NOR,1995,0.26019636,
NOR,2000,0.27358785,
NOR,2003,0.27626902,
NOR,2004,0.3157807,
NOR,2005,0.30597028,
NOR,2006,0.2635384,
NOR,2007,0.27090648,
NOR,2008,0.26996344,
NOR,2009,0.2615823,
NOR,2010,0.25723708,
NOR,2011,0.2530017,
NOR,2012,0.25725996,
NOR,2013,0.2636111,
NOR,2014,0.2675256,
NOR,2015,0.27496755,
NOR,2016,0.28493342,
NOR,2017,0.26986745,
NOR,2018,0.27560243,
NOR,2019,0.27741843,
NOR,2020,0.28392884,
NOR,2021,0.29089126,
NOR,2022,0.26946253,
NOR,2023,0.2653081,Europe
OMN,2023,,Asia
,2023,,Africa
PAK,1987,0.33316457,
PAK,1990,0.33247975,
PAK,1996,0.28664988,
PAK,1998,0.33123294,
PAK,2001,0.2865302,
PAK,2004,0.30886108,
PAK,2005,0.31261253,
PAK,2007,0.29669502,
PAK,2010,0.28780863,
PAK,2011,0.29697958,
PAK,2013,0.29528573,
PAK,2015,0.31291267,
PAK,2018,0.29589266,
PAK,2023,,Asia
,2023,,Asia
PLW,2023,,Oceania
PSE,2004,0.3404466,
PSE,2005,0.34742624,
PSE,2006,0.3395928,
PSE,2007,0.35606077,
PSE,2009,0.34463975,
PSE,2010,0.3529443,
PSE,2011,0.34415236,
PSE,2016,0.3369004,
PSE,2023,0.36381876,Asia
PAN,1979,0.48740143,
PAN,1989,0.5854873,
PAN,1991,0.5797844,
PAN,1995,0.57628953,
PAN,1997,0.5811877,
PAN,1998,0.5733296,
PAN,1999,0.56327,
PAN,2000,0.5657906,
PAN,2001,0.56695515,
PAN,2002,0.560887,
PAN,2003,0.55646366,
PAN,2004,0.5477021,
PAN,2005,0.5379738,
PAN,2006,0.5463359,
PAN,2007,0.5268422,
PAN,2008,0.5269296,
PAN,2009,0.5177022,
PAN,2010,0.51608574,
PAN,2011,0.5134672,
PAN,2012,0.5173878,
PAN,2013,0.51455736,
PAN,2014,0.5046524,
PAN,2015,0.5080543,
PAN,2016,0.50406694,
PAN,2017,0.4988425,
PAN,2018,0.49211323,
PAN,2019,0.4983736,
PAN,2021,0.50857776,
PAN,2023,0.48875666,North America
PAN,2024,0.49733543,
PNG,1996,0.45765263,
PNG,2009,0.4185041,
PNG,2023,,Oceania
PRY,1990,0.40837216,
PRY,1995,0.58139044,
PRY,1997,0.5488789,
PRY,1999,0.54570764,
PRY,2001,0.5462631,
PRY,2002,0.572743,
PRY,2003,0.5493751,
PRY,2004,0.5226007,
PRY,2005,0.5138112,
PRY,2006,0.5299408,
PRY,2007,0.5304041,
PRY,2008,0.50704646,
PRY,2009,0.4914508,
PRY,2010,0.5098244,
PRY,2011,0.52309626,
PRY,2012,0.47633564,
PRY,2013,0.47935358,
PRY,2014,0.50702643,
PRY,2015,0.47605732,
PRY,2016,0.47899717,
PRY,2017,0.4854749,
PRY,2018,0.459551,
PRY,2019,0.45650637,
PRY,2020,0.43481943,
PRY,2021,0.42905122,
PRY,2022,0.4459167,
PRY,2023,0.44175744,South America
PRY,2024,0.44245335,
PER,1997,0.5325629,
PER,1998,0.55117136,
PER,1999,0.5482069,
PER,2000,0.49071854,
PER,2001,0.5130155,
PER,2002,0.53563553,
PER,2003,0.53079563,
PER,2004,0.49879557,
PER,2005,0.50449,
PER,2006,0.50332093,
PER,2007,0.5002137,
PER,2008,0.47486374,
PER,2009,0.4700601,
PER,2010,0.4553765,
PER,2011,0.44659743,
PER,2012,0.44440016,
PER,2013,0.43882716,
PER,2014,0.43138808,
PER,2015,0.43356055,
PER,2016,0.4363897,
PER,2017,0.43292665,
PER,2018,0.4236556,
PER,2019,0.41528118,
PER,2020,0.4373981,
PER,2021,0.40121803,
PER,2022,0.4034916,
PER,2023,0.4065784,South America
PER,2024,0.40125862,
PHL,1985,0.41037434,
PHL,1988,0.4074627,
PHL,1991,0.4382355,
PHL,1994,0.42888388,
PHL,1997,0.45962209,
PHL,2000,0.42799473,
PHL,2003,0.4149466,
PHL,2006,0.4285884,
PHL,2009,0.41760337,
PHL,2012,0.4222433,
PHL,2015,0.40351498,
PHL,2018,0.37811705,
PHL,2021,0.37268466,
PHL,2023,0.35203487,Asia
PCN,2023,,Oceania
POL,1985,0.25083962,
POL,1986,0.27984542,
POL,1987,0.2552513,
POL,1989,0.26794213,
POL,1992,0.29298562,
POL,1995,0.345999,
POL,1999,0.32256204,
POL,2004,0.38021782,
POL,2005,0.35808384,
POL,2006,0.34667546,
POL,2007,0.34001285,
POL,2008,0.33485633,
POL,2009,0.33355722,
POL,2010,0.3321481,
POL,2011,0.33180645,
POL,2012,0.3302016,
POL,2013,0.3313732,
POL,2014,0.32824445,
POL,2015,0.3175091,
POL,2016,0.31189167,
POL,2017,0.2968527,
POL,2018,0.302149,
POL,2019,0.28760177,
POL,2020,0.284626,
POL,2021,0.28479505,
POL,2022,0.28858185,
POL,2023,0.28466788,Europe
PRT,2003,0.38775006,
PRT,2004,0.38938776,
PRT,2005,0.38480073,
PRT,2006,0.3806078,
PRT,2007,0.36750183,
PRT,2008,0.3663415,
PRT,2009,0.34907416,
PRT,2010,0.35844672,
PRT,2011,0.36344677,
PRT,2012,0.36034793,
PRT,2013,0.36187103,
PRT,2014,0.35562173,
PRT,2015,0.355233,
PRT,2016,0.3519052,
PRT,2017,0.3380384,
PRT,2018,0.33492562,
PRT,2019,0.32762748,
PRT,2020,0.3466863,
PRT,2021,0.34592018,
PRT,2022,0.36252204,
PRT,2023,0.33851567,Europe
PRI,2023,,North America
QAT,2017,0.35128385,
QAT,2023,,Asia
OWID_RVN,2023,,Asia
REU,2023,,Africa
ROU,1989,0.23307304,
ROU,1992,0.25461727,
ROU,1994,0.28200582,
ROU,1995,0.31158027,
ROU,1997,0.30504426,
ROU,2006,0.3964082,
ROU,2007,0.37547714,
ROU,2008,0.36428735,
ROU,2009,0.35564336,
ROU,2010,0.35471106,
ROU,2011,0.35866693,
ROU,2012,0.3654547,
ROU,2013,0.3691512,
ROU,2014,0.36009106,
ROU,2015,0.3591363,
ROU,2016,0.34406668,
ROU,2017,0.36012626,
ROU,2018,0.35758412,
ROU,2019,0.34800538,
ROU,2020,0.34570205,
ROU,2021,0.3385265,
ROU,2022,0.32303035,
ROU,2023,0.29828945,Europe
RUS,1993,0.45385477,
RUS,1996,0.4609863,
RUS,1997,0.384092,
RUS,1998,0.38137004,
RUS,1999,0.37443388,
RUS,2000,0.37092742,
RUS,2001,0.36924985,
RUS,2002,0.3728377,
RUS,2003,0.39971548,
RUS,2004,0.4031583,
RUS,2005,0.41265598,
RUS,2006,0.4095094,
RUS,2007,0.42272472,
RUS,2008,0.41568583,
RUS,2009,0.398456,
RUS,2010,0.39548978,
RUS,2011,0.39749315,
RUS,2012,0.40714827,
RUS,2013,0.40884423,
RUS,2014,0.3988122,
RUS,2015,0.37710539,
RUS,2016,0.368485,
RUS,2017,0.37239072,
RUS,2018,0.37473005,
RUS,2019,0.37736863,
RUS,2020,0.36068243,
RUS,2023,,Europe
RWA,2000,0.48520252,
RWA,2005,0.5202114,
RWA,2010,0.47221914,
RWA,2013,0.45111567,
RWA,2016,0.4370951,
RWA,2023,0.39364448,Africa
,1984,0.28898594,
BLM,2023,,North America
SHN,2023,,Africa
KNA,2023,,North America
LCA,1995,0.4258438,
LCA,2015,0.51225066,
LCA,2023,,North America
MAF,2023,,North America
SPM,2023,,North America
VCT,2023,,North America
WSM,2002,0.4073552,
WSM,2008,0.4204655,
WSM,2013,0.38743454,
WSM,2023,,Oceania
SMR,2023,,Europe
STP,2000,0.32125893,
STP,2010,0.3082127,
STP,2017,0.4072948,
STP,2023,,Africa
SAU,2023,,Asia
SEN,1991,0.54041934,
SEN,1994,0.39245197,
SEN,2001,0.41229436,
SEN,2005,0.39212894,
SEN,2011,0.4027436,
SEN,2018,0.38314784,
SEN,2021,0.3615772,
SEN,2023,,Africa
SRB,2012,0.398866,
SRB,2013,0.39444748,
SRB,2014,0.40435985,
SRB,2015,0.40460244,
SRB,2016,0.38773644,
SRB,2017,0.36104488,
SRB,2018,0.35002947,
SRB,2019,0.34475124,
SRB,2020,0.3495087,
SRB,2021,0.3312888,
SRB,2022,0.3280289,
SRB,2023,,Europe
OWID_SRM,2023,,Europe
SYC,1999,0.42776692,
SYC,2006,0.42767617,
SYC,2013,0.46821982,
SYC,2018,0.3212532,
SYC,2023,,Africa
SLE,2003,0.40167454,
SLE,2011,0.34030178,
SLE,2018,0.35690176,
SLE,2023,,Africa
SGP,2023,,Asia
SXM,2023,,North America
SVK,1992,0.20186578,
SVK,1996,0.26275504,
SVK,2004,0.2707678,
SVK,2005,0.29296494,
SVK,2006,0.2579704,
SVK,2007,0.24664715,
SVK,2008,0.2602499,
SVK,2009,0.2723098,
SVK,2010,0.2731572,
SVK,2011,0.2653828,
SVK,2012,0.2611581,
SVK,2013,0.28086153,
SVK,2014,0.26103443,
SVK,2015,0.26491237,
SVK,2016,0.2515497,
SVK,2017,0.23237365,
SVK,2018,0.24970019,
SVK,2019,0.23232324,
SVK,2020,0.24219425,
SVK,2021,0.2411022,
SVK,2022,0.24078926,
SVK,2023,0.23817715,Europe
SVN,1987,0.2359837,
SVN,1993,0.2911778,
SVN,1997,0.241215,
SVN,1999,0.24042886,
SVN,2004,0.24790733,
SVN,2005,0.24634741,
SVN,2006,0.24363928,
SVN,2007,0.24354753,
SVN,2008,0.23718019,
SVN,2009,0.24787736,
SVN,2010,0.24933259,
SVN,2011,0.24868034,
SVN,2012,0.25585502,
SVN,2013,0.26241106,
SVN,2014,0.25657535,
SVN,2015,0.25408465,
SVN,2016,0.24757937,
SVN,2017,0.24219307,
SVN,2018,0.24633364,
SVN,2019,0.24384232,
SVN,2020,0.24031529,
SVN,2021,0.2428228,
SVN,2022,0.24305065,
SVN,2023,0.24681959,Europe
SLB,2005,0.46087635,
SLB,2012,0.37054926,
SLB,2023,,Oceania
SOM,2023,,Africa
ZAF,1993,0.5933394,
ZAF,2000,0.5776966,
ZAF,2005,0.64761883,
ZAF,2008,0.63009,
ZAF,2010,0.6338256,
ZAF,2014,0.6302572,
ZAF,2023,,Africa
SGS,2023,,South America
KOR,2006,0.31702983,
KOR,2008,0.32324833,
KOR,2010,0.32021224,
KOR,2012,0.31558052,
KOR,2014,0.31192905,
KOR,2016,0.35222206,
KOR,2017,0.34854642,
KOR,2018,0.33725032,
KOR,2019,0.33196163,
KOR,2020,0.32708606,
KOR,2021,0.32906574,
KOR,2023,,Asia
SSD,2009,0.4631574,
SSD,2016,0.44047812,
SSD,2023,,Africa
ESP,1980,0.34483546,
ESP,1985,0.34431675,
ESP,1990,0.32023215,
ESP,1993,0.3565849,
ESP,1994,0.35103723,
ESP,1995,0.35726634,
ESP,1996,0.3646458,
ESP,1997,0.3532442,
ESP,1998,0.34580052,
ESP,1999,0.33791927,
ESP,2000,0.3412891,
ESP,2003,0.31800938,
ESP,2004,0.3330196,
ESP,2005,0.32431775,
ESP,2006,0.33541155,
ESP,2007,0.3413741,
ESP,2008,0.342204,
ESP,2009,0.34924084,
ESP,2010,0.35244483,
ESP,2011,0.35693973,
ESP,2012,0.3540366,
ESP,2013,0.36181897,
ESP,2014,0.36052307,
ESP,2015,0.36178336,
ESP,2016,0.35757092,
ESP,2017,0.34651256,
ESP,2018,0.34716326,
ESP,2019,0.34303713,
ESP,2020,0.34863642,
ESP,2021,0.3388591,
ESP,2022,0.3357942,
ESP,2023,0.33407936,Europe
LKA,1985,0.32467854,
LKA,1990,0.32447433,
LKA,1995,0.35399538,
LKA,2002,0.40171906,
LKA,2006,0.3966902,
LKA,2009,0.36054152,
LKA,2012,0.38713607,
LKA,2016,0.39345774,
LKA,2019,0.37663776,
LKA,2023,,Asia
SDN,2009,0.35395336,
SDN,2014,0.34242943,
SDN,2023,,Africa
,2023,,Africa
SUR,2022,0.39179897,
SUR,2023,,South America
,1999,0.5753989,
SWE,1975,0.24283645,
SWE,1981,0.22923574,
SWE,1987,0.23057628,
SWE,1992,0.24908733,
SWE,1995,0.25236505,
SWE,2000,0.2696006,
SWE,2001,0.2654536,
SWE,2002,0.26216906,
SWE,2003,0.2526852,
SWE,2004,0.26140112,
SWE,2005,0.26821017,
SWE,2006,0.26351228,
SWE,2007,0.27114138,
SWE,2008,0.2811916,
SWE,2009,0.27339843,
SWE,2010,0.27736148,
SWE,2011,0.2760523,
SWE,2012,0.27643865,
SWE,2013,0.28822747,
SWE,2014,0.28388637,
SWE,2015,0.2920968,
SWE,2016,0.29561198,
SWE,2017,0.28774133,
SWE,2018,0.29971555,
SWE,2019,0.29304633,
SWE,2020,0.28870603,
SWE,2021,0.29765344,
SWE,2022,0.3160836,
SWE,2023,0.2927833,Europe
CHE,1982,0.36005235,
CHE,1992,0.3385482,
CHE,2000,0.33431056,
CHE,2002,0.31686732,
CHE,2004,0.31564513,
CHE,2006,0.33918807,
CHE,2007,0.34255534,
CHE,2008,0.337947,
CHE,2009,0.32855856,
CHE,2010,0.3255303,
CHE,2011,0.3171362,
CHE,2012,0.31567127,
CHE,2013,0.3246219,
CHE,2014,0.3252566,
CHE,2015,0.32306957,
CHE,2016,0.33042452,
CHE,2017,0.32676333,
CHE,2018,0.3314104,
CHE,2019,0.3399834,
CHE,2020,0.33737928,
CHE,2021,0.33824313,
CHE,2022,0.33795178,
CHE,2023,,Europe
SYR,1996,0.3516938,
SYR,2003,0.37514603,
SYR,2006,0.4014725,
SYR,2009,0.40394777,
SYR,2022,0.26628074,
SYR,2023,,Asia
TWN,1981,0.29969484,
TWN,1986,0.29707956,
TWN,1991,0.29967803,
TWN,1995,0.3132383,
TWN,1997,0.30822107,
TWN,2000,0.31111476,
TWN,2005,0.32179585,
TWN,2007,0.32124567,
TWN,2010,0.33213326,
TWN,2013,0.32487386,
TWN,2016,0.31448635,
TWN,2017,0.31754693,
TWN,2018,0.31633675,
TWN,2019,0.3119192,
TWN,2020,0.31231022,
TWN,2021,0.31566375,
TWN,2023,,Asia
TJK,1999,0.29532436,
TJK,2003,0.32719448,
TJK,2004,0.3360195,
TJK,2007,0.32180318,
TJK,2009,0.30774954,
TJK,2015,0.33995536,
TJK,2021,0.32379097,
TJK,2022,0.39492399,
TJK,2023,0.38034558,Asia
TJK,2024,0.36108002,
TZA,1991,0.35280752,
TZA,2000,0.37281972,
TZA,2007,0.4027778,
TZA,2011,0.3778315,
TZA,2018,0.4049123,
TZA,2023,,Africa
THA,1981,0.4521682,
THA,1988,0.43838593,
THA,1990,0.45265648,
THA,1992,0.47857958,
THA,1994,0.43470213,
THA,1996,0.42904922,
THA,1998,0.41455793,
THA,1999,0.43091586,
THA,2000,0.42833668,
THA,2002,0.41944495,
THA,2004,0.42540312,
THA,2006,0.41819033,
THA,2007,0.39761516,
THA,2008,0.40288273,
THA,2009,0.39601263,
THA,2010,0.3940277,
THA,2011,0.37459034,
THA,2012,0.39256668,
THA,2013,0.37847108,
THA,2014,0.37032664,
THA,2015,0.35987332,
THA,2016,0.36691424,
THA,2017,0.36382803,
THA,2018,0.36412174,
THA,2019,0.34855723,
THA,2020,0.34985816,
THA,2021,0.34923872,
THA,2022,0.34297076,
THA,2023,0.3349489,Asia
TGO,2006,0.42212275,
TGO,2011,0.46015006,
TGO,2015,0.43028906,
TGO,2018,0.42534238,
TGO,2021,0.37858006,
TGO,2023,,Africa
TKL,2023,,Oceania
TON,2000,0.37690175,
TON,2009,0.3749649,
TON,2015,0.33521304,
TON,2021,0.27095765,
TON,2023,,Oceania
TTO,1988,0.4260131,
TTO,1992,0.40185452,
TTO,2023,,North America
TUN,1985,0.4343376,
TUN,1990,0.40102237,
TUN,1995,0.41657296,
TUN,2000,0.40809476,
TUN,2005,0.37733382,
TUN,2010,0.38466486,
TUN,2015,0.32815883,
TUN,2021,0.33716425,
TUN,2023,,Africa
TUR,1987,0.4103413,
TUR,1994,0.413152,
TUR,2002,0.41396376,
TUR,2003,0.42184338,
TUR,2004,0.4128751,
TUR,2005,0.42614657,
TUR,2006,0.39647412,
TUR,2007,0.384428,
TUR,2008,0.3902054,
TUR,2009,0.3896531,
TUR,2010,0.3878508,
TUR,2011,0.40039355,
TUR,2012,0.40168938,
TUR,2013,0.401785,
TUR,2014,0.41236562,
TUR,2015,0.42854458,
TUR,2016,0.41873705,
TUR,2017,0.43531725,
TUR,2018,0.42441425,
TUR,2019,0.438338,
TUR,2020,0.4304501,
TUR,2021,0.44364828,
TUR,2022,0.44467676,
TUR,2023,,Asia
TKM,1998,0.40806928,
TKM,2023,,Asia
TCA,2023,,North America
TUV,2010,0.39139032,
TUV,2023,,Oceania
OWID_USS,2023,,Europe
UGA,1989,0.44362718,
UGA,1992,0.41420978,
UGA,1996,0.39042342,
UGA,1999,0.42991972,
UGA,2002,0.45167553,
UGA,2005,0.42944133,
UGA,2009,0.44189683,
UGA,2012,0.4100934,
UGA,2016,0.4275336,
UGA,2019,0.42702177,
UGA,2023,,Africa
UKR,1992,0.29708833,
UKR,1993,0.28926983,
UKR,1995,0.39231017,
UKR,1996,0.35153478,
UKR,2002,0.29045695,
UKR,2003,0.28664893,
UKR,2004,0.28934017,
UKR,2005,0.29020715,
UKR,2006,0.29794392,
UKR,2007,0.27012688,
UKR,2008,0.2663823,
UKR,2009,0.25316665,
UKR,2010,0.24818976,
UKR,2011,0.24551843,
UKR,2012,0.24740657,
UKR,2013,0.24554986,
UKR,2014,0.24025366,
UKR,2015,0.2545754,
UKR,2016,0.25002202,
UKR,2017,0.26049048,
UKR,2018,0.26071486,
UKR,2019,0.26619467,
UKR,2020,0.25627363,
UKR,2023,,Europe
ARE,2013,0.3251042,
ARE,2018,0.26399004,
ARE,2023,,Asia
GBR,1968,0.2684166,
GBR,1969,0.27904898,
GBR,1970,0.27964503,
GBR,1971,0.2929356,
GBR,1972,0.28776282,
GBR,1973,0.2881038,
GBR,1974,0.28957152,
GBR,1975,0.27880856,
GBR,1976,0.27589646,
GBR,1977,0.27141878,
GBR,1978,0.2723537,
GBR,1979,0.2743262,
GBR,1980,0.28477892,
GBR,1981,0.2968705,
GBR,1982,0.29903,
GBR,1983,0.29786685,
GBR,1984,0.29166204,
GBR,1985,0.30419374,
GBR,1986,0.31919184,
GBR,1987,0.3385342,
GBR,1988,0.34272873,
GBR,1989,0.33354205,
GBR,1990,0.3574197,
GBR,1991,0.34962818,
GBR,1992,0.34955472,
GBR,1993,0.3507596,
GBR,1994,0.35978922,
GBR,1995,0.3551664,
GBR,1996,0.3529524,
GBR,1997,0.35735163,
GBR,1998,0.36621472,
GBR,1999,0.3678378,
GBR,2000,0.38848642,
GBR,2001,0.37086216,
GBR,2002,0.35146394,
GBR,2003,0.34856063,
GBR,2004,0.34834158,
GBR,2005,0.35485032,
GBR,2006,0.35879987,
GBR,2007,0.34413147,
GBR,2008,0.35445124,
GBR,2009,0.35137364,
GBR,2010,0.337056,
GBR,2011,0.33191085,
GBR,2012,0.33090645,
GBR,2013,0.32699567,
GBR,2014,0.3314094,
GBR,2015,0.33311963,
GBR,2016,0.33109328,
GBR,2017,0.32608232,
GBR,2018,0.33689803,
GBR,2019,0.32824185,
GBR,2020,0.32644576,
GBR,2021,0.32414633,
GBR,2023,,Europe
USA,1963,0.36726266,
USA,1964,0.37374026,
USA,1965,0.36825225,
USA,1966,0.3709646,
USA,1967,0.36886302,
USA,1968,0.36326066,
USA,1969,0.3601449,
USA,1970,0.3659216,
USA,1971,0.36917382,
USA,1972,0.366613,
USA,1973,0.36112753,
USA,1974,0.35476547,
USA,1975,0.35648388,
USA,1976,0.3556052,
USA,1977,0.35504323,
USA,1978,0.34790006,
USA,1979,0.34758875,
USA,1980,0.34716898,
USA,1981,0.3548752,
USA,1982,0.3666041,
USA,1983,0.37291998,
USA,1984,0.37344322,
USA,1985,0.37640655,
USA,1986,0.37556332,
USA,1987,0.371961,
USA,1988,0.37705073,
USA,1989,0.38237947,
USA,1990,0.38262486,
USA,1991,0.38044837,
USA,1992,0.38372794,
USA,1993,0.40363088,
USA,1994,0.3998538,
USA,1995,0.39853597,
USA,1996,0.40308315,
USA,1997,0.40524122,
USA,1998,0.3995175,
USA,1999,0.3998439,
USA,2000,0.4013887,
USA,2001,0.40594274,
USA,2002,0.40352023,
USA,2003,0.4077004,
USA,2004,0.4054555,
USA,2005,0.41260278,
USA,2006,0.41693398,
USA,2007,0.41088763,
USA,2008,0.41092274,
USA,2009,0.40849945,
USA,2010,0.40241358,
USA,2011,0.41163278,
USA,2012,0.41155744,
USA,2013,0.4087145,
USA,2014,0.4173704,
USA,2015,0.41455927,
USA,2016,0.4133007,
USA,2017,0.4138584,
USA,2018,0.417826,
USA,2019,0.4190184,
USA,2020,0.40001062,
USA,2021,0.3969645,
USA,2022,0.416991,
USA,2023,0.41818878,North America
VIR,2023,,North America
URY,2006,0.4594138,
URY,2007,0.46404767,
URY,2008,0.45081532,
URY,2009,0.4554152,
URY,2010,0.4447481,
URY,2011,0.42175147,
URY,2012,0.39900434,
URY,2013,0.40450794,
URY,2014,0.40110943,
URY,2015,0.401286,
URY,2016,0.39695355,
URY,2017,0.3946439,
URY,2018,0.3968712,
URY,2019,0.39676315,
URY,2020,0.40155625,
URY,2021,0.4077686,
URY,2022,0.40551695,
URY,2023,0.40867537,South America
URY,2024,0.39984146,
,1981,0.43645427,
,1989,0.42369074,
,1992,0.41468036,
,1995,0.4092634,
,1996,0.40751222,
,1997,0.4145671,
,1998,0.42482242,
,2000,0.43366617,
,2001,0.45007667,
,2002,0.4554421,
,2003,0.45033693,
,2004,0.4588095,
,2005,0.44727567,
UZB,2021,0.32891142,
UZB,2022,0.31184828,
UZB,2023,0.34538773,Asia
UZB,2024,0.34563366,
VUT,2010,0.37351298,
VUT,2019,0.32317576,
VUT,2023,,Oceania
VAT,2023,,Europe
VEN,1981,0.5560985,
VEN,1987,0.5344797,
VEN,1989,0.437755,
VEN,1992,0.4206128,
VEN,1995,0.47166613,
VEN,1998,0.47998744,
VEN,1999,0.47698405,
VEN,2001,0.47170475,
VEN,2002,0.48877847,
VEN,2003,0.47906187,
VEN,2004,0.47316486,
VEN,2005,0.49316522,
VEN,2006,0.44698364,
VEN,2023,,South America
VNM,1992,0.35654193,
VNM,1997,0.35442206,
VNM,2002,0.37029624,
VNM,2004,0.36785832,
VNM,2006,0.35788617,
VNM,2008,0.35570312,
VNM,2010,0.39252725,
VNM,2012,0.35645887,
VNM,2014,0.34755376,
VNM,2016,0.3526674,
VNM,2018,0.35715547,
VNM,2020,0.36790165,
VNM,2022,0.36093006,
VNM,2023,,Asia
WLF,2023,,Oceania
OWID_GFR,2023,,Europe
ESH,2023,,Africa
YEM,1998,0.34997785,
YEM,2005,0.34732336,
YEM,2014,0.36707094,
YEM,2023,,Asia
OWID_YAR,2023,,Asia
OWID_YPR,2023,,Asia
OWID_YGS,2023,,Europe
ZMB,1991,0.59420234,
ZMB,1993,0.52553844,
ZMB,1996,0.48328558,
ZMB,1998,0.4912264,
ZMB,2002,0.42058727,
ZMB,2004,0.5426552,
ZMB,2006,0.54571337,
ZMB,2010,0.520122,
ZMB,2015,0.5584075,
ZMB,2022,0.5148495,
ZMB,2023,,Africa
ZWE,2011,0.43153575,
ZWE,2017,0.44337082,
ZWE,2019,0.5025645,
ZWE,2023,,Africa
