Code,Year,Public social expenditure as a share of GDP
AUS,1910,1.12
AUS,1920,1.66
AUS,1930,2.11
AUS,1960,5.916265
AUS,1961,6.3186784
AUS,1962,6.2705703
AUS,1963,6.1847687
AUS,1964,5.962785
AUS,1965,6.045809
AUS,1966,5.9078026
AUS,1967,5.6395383
AUS,1968,5.662996
AUS,1969,5.835353
AUS,1970,5.9003363
AUS,1971,6.196675
AUS,1972,6.6230793
AUS,1973,6.9961514
AUS,1974,8.378857
AUS,1975,10.1352005
AUS,1976,10.5726385
AUS,1977,10.896706
AUS,1978,10.613026
AUS,1979,10.272347
AUS,1980,10.244
AUS,1981,10.116
AUS,1982,11.09
AUS,1983,11.591
AUS,1984,11.97
AUS,1985,12.062
AUS,1986,11.897
AUS,1987,12.151
AUS,1988,11.446
AUS,1989,11.584
AUS,1990,13.118
AUS,1991,14.28
AUS,1992,15.257
AUS,1993,15.516
AUS,1994,15.242
AUS,1995,16.88
AUS,1996,16.998
AUS,1997,16.765
AUS,1998,17.588
AUS,1999,17.225
AUS,2000,18.21
AUS,2001,17.509
AUS,2002,17.314
AUS,2003,17.498
AUS,2004,17.197
AUS,2005,16.66
AUS,2006,15.699
AUS,2007,15.858
AUS,2008,17.05
AUS,2009,16.853
AUS,2010,16.553
AUS,2011,17.02
AUS,2012,17.308
AUS,2013,17.263
AUS,2014,17.804
AUS,2015,18.207
AUS,2016,17.476
AUS,2017,17.077
AUS,2018,16.638
AUS,2019,20.451
AUT,1930,1.2
AUT,1960,14.955679
AUT,1961,14.963559
AUT,1962,15.862862
AUT,1963,16.255716
AUT,1964,16.21699
AUT,1965,16.42542
AUT,1966,16.66501
AUT,1967,17.466341
AUT,1968,17.004122
AUT,1969,17.841679
AUT,1970,17.797773
AUT,1971,17.941856
AUT,1972,17.79107
AUT,1973,17.637253
AUT,1974,18.095798
AUT,1975,19.742004
AUT,1976,20.443579
AUT,1977,20.444609
AUT,1978,22.073421
AUT,1979,22.020512
AUT,1980,21.906
AUT,1981,22.483408
AUT,1985,23.205
AUT,1990,23.263
AUT,1991,23.584
AUT,1992,24.276
AUT,1993,25.675
AUT,1994,26.614
AUT,1995,26.556
AUT,1996,26.678
AUT,1997,26.18
AUT,1998,25.98
AUT,1999,26.329
AUT,2000,26.043
AUT,2001,26.092
AUT,2002,26.396
AUT,2003,26.933
AUT,2004,26.719
AUT,2005,26.337
AUT,2006,26.063
AUT,2007,25.477
AUT,2008,25.947
AUT,2009,27.957
AUT,2010,28.052
AUT,2011,27.231
AUT,2012,27.611
AUT,2013,28.031
AUT,2014,28.255
AUT,2015,28.261
AUT,2016,28.197
AUT,2017,27.826
AUT,2018,27.561
AUT,2019,27.708
AUT,2020,31.108
AUT,2021,31.061
AUT,2022,29.356
BEL,1880,0.17
BEL,1890,0.22
BEL,1900,0.26
BEL,1910,0.43
BEL,1920,0.52
BEL,1930,0.56
BEL,1960,10.073508
BEL,1961,10.545173
BEL,1962,11.049902
BEL,1963,11.47631
BEL,1964,11.489252
BEL,1965,12.306952
BEL,1966,13.053801
BEL,1967,13.455044
BEL,1968,14.482375
BEL,1969,14.4946785
BEL,1970,14.7617855
BEL,1971,15.046238
BEL,1972,15.949143
BEL,1973,16.369476
BEL,1974,16.981936
BEL,1975,20.499475
BEL,1976,21.494461
BEL,1977,22.670286
BEL,1978,22.939167
BEL,1979,23.129791
BEL,1980,23.202
BEL,1981,24.752
BEL,1982,25.35
BEL,1983,25.634
BEL,1984,24.852
BEL,1985,25.689
BEL,1986,25.518
BEL,1987,25.289
BEL,1988,25.107
BEL,1989,24.262
BEL,1990,24.57
BEL,1991,25.335
BEL,1992,24.346
BEL,1993,25.4
BEL,1994,24.801
BEL,1995,25.304
BEL,1996,25.935
BEL,1997,24.929
BEL,1998,24.929
BEL,1999,24.73
BEL,2000,23.655
BEL,2001,24.123
BEL,2002,24.504
BEL,2003,25.061
BEL,2004,24.826
BEL,2005,24.685
BEL,2006,24.595
BEL,2007,24.339
BEL,2008,25.745
BEL,2009,27.979
BEL,2010,27.666
BEL,2011,28.101
BEL,2012,27.962
BEL,2013,28.34
BEL,2014,28.394
BEL,2015,29.055
BEL,2016,28.426
BEL,2017,28.275
BEL,2018,28.355
BEL,2019,28.218
BEL,2020,32.28
BEL,2021,29.705
BEL,2022,28.965
CAN,1880,0
CAN,1890,0
CAN,1900,0
CAN,1910,0
CAN,1920,0.06
CAN,1930,0.31
CAN,1960,8.021343
CAN,1961,8.296839
CAN,1962,8.258081
CAN,1963,8.191873
CAN,1964,8.0992565
CAN,1965,7.8435144
CAN,1966,7.979699
CAN,1967,8.724612
CAN,1968,9.257986
CAN,1969,9.605425
CAN,1970,10.359873
CAN,1971,11.233394
CAN,1972,11.985065
CAN,1973,11.998975
CAN,1974,12.384915
CAN,1975,13.514089
CAN,1976,13.215704
CAN,1977,13.433996
CAN,1978,13.235043
CAN,1979,12.7479925
CAN,1980,13.148
CAN,1981,13.622
CAN,1982,15.918
CAN,1983,16.088
CAN,1984,15.789
CAN,1985,16.262
CAN,1986,16.202
CAN,1987,15.924
CAN,1988,15.726
CAN,1989,16.091
CAN,1990,17.391
CAN,1991,19.612
CAN,1992,20.261
CAN,1993,20.198
CAN,1994,19.111
CAN,1995,18.209
CAN,1996,17.405
CAN,1997,16.786
CAN,1998,16.87
CAN,1999,15.883
CAN,2000,15.592
CAN,2001,16.02
CAN,2002,16.029
CAN,2003,16.099
CAN,2004,16.098
CAN,2005,15.953
CAN,2006,16.346
CAN,2007,16.264
CAN,2008,16.352
CAN,2009,18.085
CAN,2010,17.6
CAN,2011,17.093
CAN,2012,17.222
CAN,2013,16.986
CAN,2014,16.913
CAN,2015,17.934
CAN,2016,18.296
CAN,2017,18.029
CAN,2018,18.004
CAN,2019,18.784
CAN,2020,24.911
CHL,1987,11.743
CHL,1988,10.444
CHL,1989,9.853
CHL,1990,9.726
CHL,1991,9.707
CHL,1992,9.272
CHL,1993,9.388
CHL,1994,9.129
CHL,1995,10.897
CHL,1996,11.784
CHL,1997,11.477
CHL,1998,11.845
CHL,1999,12.635
CHL,2000,10.346
CHL,2001,10.042
CHL,2002,10.075
CHL,2003,9.922
CHL,2004,9.302
CHL,2005,8.918
CHL,2006,8.308
CHL,2007,8.482
CHL,2008,9.619
CHL,2009,11.555
CHL,2010,10.643
CHL,2011,10.153
CHL,2012,10.208
CHL,2013,10.159
CHL,2014,10.43
CHL,2015,10.963
CHL,2016,11.19
CHL,2017,11.478
CHL,2018,11.454
CHL,2019,11.706
CHL,2020,15.061
CHL,2021,19.605
COL,2010,12.992
COL,2011,12.681
COL,2012,12.625
COL,2013,13.191
COL,2014,14.111
COL,2015,14.545
COL,2016,14.147
COL,2017,14.112
COL,2018,13.688
COL,2019,14.126
COL,2020,17.02
COL,2021,15.153
CRI,2011,12.346
CRI,2012,12.029
CRI,2013,12.497
CRI,2014,12.279
CRI,2015,12.581
CRI,2016,12.271
CRI,2017,12.153
CRI,2018,12.484
CRI,2019,12.306
CRI,2020,14.457
CZE,1990,14.025
CZE,1991,15.077
CZE,1992,15.349
CZE,1993,15.616
CZE,1994,15.699
CZE,1995,15.965
CZE,1996,15.982
CZE,1997,16.724
CZE,1998,17.055
CZE,1999,17.698
CZE,2000,17.859
CZE,2001,17.807
CZE,2002,18.545
CZE,2003,18.679
CZE,2004,17.842
CZE,2005,17.904
CZE,2006,17.573
CZE,2007,17.357
CZE,2008,17.658
CZE,2009,19.933
CZE,2010,19.503
CZE,2011,19.555
CZE,2012,19.858
CZE,2013,20.657
CZE,2014,20.063
CZE,2015,19.257
CZE,2016,18.864
CZE,2017,18.922
CZE,2018,19.095
CZE,2019,19.459
CZE,2020,22.619
CZE,2021,22.496
CZE,2022,22.012
DNK,1880,0.96
DNK,1890,1.11
DNK,1900,1.41
DNK,1910,1.75
DNK,1920,2.71
DNK,1930,3.11
DNK,1980,20.259
DNK,1981,20.131
DNK,1982,19.967
DNK,1983,20.066
DNK,1984,19.233
DNK,1985,19.159
DNK,1986,19.673
DNK,1987,20.478
DNK,1988,21.48
DNK,1989,21.474
DNK,1990,21.949
DNK,1991,22.404
DNK,1992,22.6
DNK,1993,23.791
DNK,1994,25.424
DNK,1995,25.513
DNK,1996,24.946
DNK,1997,24.156
DNK,1998,23.741
DNK,1999,24.547
DNK,2000,23.765
DNK,2001,24.29
DNK,2002,24.804
DNK,2003,25.328
DNK,2004,25.119
DNK,2005,25.195
DNK,2006,24.961
DNK,2007,25.912
DNK,2008,26.324
DNK,2009,29.282
DNK,2010,29.908
DNK,2011,30.022
DNK,2012,30.204
DNK,2013,30.047
DNK,2014,30.019
DNK,2015,29.975
DNK,2016,29.429
DNK,2017,28.979
DNK,2018,28.534
DNK,2019,28.436
DNK,2020,29.347
DNK,2021,28.273
DNK,2022,26.164
EST,1999,15.204
EST,2000,13.932
EST,2001,13.067
EST,2002,12.766
EST,2003,12.892
EST,2004,13.304
EST,2005,12.832
EST,2006,12.447
EST,2007,12.365
EST,2008,15.139
EST,2009,19.423
EST,2010,18.14
EST,2011,16.182
EST,2012,15.753
EST,2013,15.676
EST,2014,15.983
EST,2015,17.279
EST,2016,17.533
EST,2017,17.028
EST,2018,17.462
EST,2019,17.907
EST,2020,19.82
EST,2021,18.437
EST,2022,17.187
FIN,1880,0.66
FIN,1890,0.76
FIN,1900,0.78
FIN,1910,0.9
FIN,1920,0.85
FIN,1930,2.97
FIN,1960,8.150308
FIN,1961,8.414043
FIN,1962,8.901662
FIN,1963,9.06783
FIN,1964,9.497361
FIN,1965,10.286181
FIN,1966,11.171818
FIN,1967,11.918635
FIN,1968,12.598455
FIN,1969,12.385683
FIN,1970,12.542629
FIN,1971,13.355066
FIN,1972,14.008199
FIN,1973,13.6567545
FIN,1974,13.961877
FIN,1975,15.448667
FIN,1976,17.061356
FIN,1977,18.46386
FIN,1978,18.754545
FIN,1979,17.84176
FIN,1980,17.755
FIN,1981,17.894
FIN,1982,18.924
FIN,1983,19.832
FIN,1984,20.626
FIN,1985,21.678
FIN,1986,22.122
FIN,1987,22.756
FIN,1988,22.086
FIN,1989,21.815
FIN,1990,23.331
FIN,1991,28.248
FIN,1992,32.199
FIN,1993,32.279
FIN,1994,31.573
FIN,1995,28.904
FIN,1996,28.732
FIN,1997,26.608
FIN,1998,24.509
FIN,1999,23.844
FIN,2000,22.691
FIN,2001,22.512
FIN,2002,23.235
FIN,2003,23.885
FIN,2004,23.993
FIN,2005,23.961
FIN,2006,23.776
FIN,2007,22.869
FIN,2008,23.362
FIN,2009,26.949
FIN,2010,27.412
FIN,2011,27.071
FIN,2012,28.33
FIN,2013,29.438
FIN,2014,30.174
FIN,2015,30.528
FIN,2016,30.441
FIN,2017,29.574
FIN,2018,29.353
FIN,2019,29.419
FIN,2020,31
FIN,2021,30.342
FIN,2022,29.02
FRA,1880,0.46
FRA,1890,0.54
FRA,1900,0.57
FRA,1910,0.81
FRA,1920,0.64
FRA,1930,1.05
FRA,1975,16.389477
FRA,1976,18.005272
FRA,1977,18.504372
FRA,1978,19.360786
FRA,1979,19.630735
FRA,1980,20.137
FRA,1981,15.615
FRA,1982,16.112
FRA,1983,16.221
FRA,1984,16.378
FRA,1985,25.339
FRA,1986,19.188
FRA,1987,19.101
FRA,1988,18.897
FRA,1989,17.955
FRA,1990,24.397
FRA,1991,25.034
FRA,1992,25.772
FRA,1993,27.172
FRA,1994,27.212
FRA,1995,28.488
FRA,1996,28.777
FRA,1997,28.645
FRA,1998,28.855
FRA,1999,28.828
FRA,2000,27.716
FRA,2001,27.704
FRA,2002,28.423
FRA,2003,28.802
FRA,2004,28.876
FRA,2005,28.83
FRA,2006,28.393
FRA,2007,28.237
FRA,2008,28.484
FRA,2009,30.943
FRA,2010,30.983
FRA,2011,30.702
FRA,2012,31.177
FRA,2013,31.657
FRA,2014,31.968
FRA,2015,31.778
FRA,2016,31.918
FRA,2017,31.446
FRA,2018,30.989
FRA,2019,30.739
FRA,2020,34.876
FRA,2021,32.661
FRA,2022,31.633
DEU,1880,0.5
DEU,1890,0.53
DEU,1900,0.59
DEU,1930,4.82
DEU,1960,15.369004
DEU,1961,15.304998
DEU,1962,15.388236
DEU,1963,15.828846
DEU,1964,15.354482
DEU,1965,16.084034
DEU,1966,16.293688
DEU,1967,17.689854
DEU,1968,17.47867
DEU,1969,16.950384
DEU,1970,16.568996
DEU,1971,17.315866
DEU,1972,17.964119
DEU,1973,18.296705
DEU,1974,19.96038
DEU,1975,23.057457
DEU,1976,22.730425
DEU,1977,22.577394
DEU,1978,22.024511
DEU,1979,21.587797
DEU,1980,21.788
DEU,1981,22.446
DEU,1982,22.433
DEU,1983,22.14
DEU,1984,21.881
DEU,1985,22.228
DEU,1986,22.247
DEU,1987,22.715
DEU,1988,22.705
DEU,1989,21.643
DEU,1990,21.354
DEU,1991,22.307
DEU,1992,24.017
DEU,1993,24.722
DEU,1994,24.902
DEU,1995,25.252
DEU,1996,25.857
DEU,1997,25.446
DEU,1998,25.393
DEU,1999,25.524
DEU,2000,25.47
DEU,2001,25.487
DEU,2002,26.167
DEU,2003,26.628
DEU,2004,26.023
DEU,2005,26.383
DEU,2006,25.108
DEU,2007,24.21
DEU,2008,24.355
DEU,2009,26.808
DEU,2010,26.068
DEU,2011,24.763
DEU,2012,24.661
DEU,2013,24.848
DEU,2014,24.802
DEU,2015,25.07
DEU,2016,25.278
DEU,2017,25.237
DEU,2018,25.296
DEU,2019,25.59
DEU,2020,27.938
DEU,2021,27.639
DEU,2022,26.722
GRC,1960,6.0970225
GRC,1961,6.1592846
GRC,1962,6.2924604
GRC,1963,6.5847654
GRC,1964,6.822277
GRC,1965,7.2833085
GRC,1966,7.616706
GRC,1967,8.16228
GRC,1968,8.433564
GRC,1969,8.089455
GRC,1970,8.047091
GRC,1971,8.091215
GRC,1972,7.7362037
GRC,1973,7.009729
GRC,1974,7.452637
GRC,1975,7.713039
GRC,1976,8.067154
GRC,1977,8.864982
GRC,1978,9.495982
GRC,1979,9.302474
GRC,1980,9.856
GRC,1981,11.869
GRC,1982,13.94
GRC,1983,14.484
GRC,1984,14.793
GRC,1985,15.368
GRC,1986,15.213
GRC,1987,15.179
GRC,1988,13.932
GRC,1989,14.771
GRC,1990,15.721
GRC,1991,15.178
GRC,1992,15.389
GRC,1993,16.233
GRC,1994,16.259
GRC,1995,16.6
GRC,1996,17.011
GRC,1997,16.912
GRC,1998,17.461
GRC,1999,17.973
GRC,2000,17.768
GRC,2001,18.637
GRC,2002,18.359
GRC,2003,18.178
GRC,2004,18.309
GRC,2005,19.534
GRC,2006,19.379
GRC,2007,20.135
GRC,2008,21.571
GRC,2009,23.912
GRC,2010,25.017
GRC,2011,26.464
GRC,2012,27.426
GRC,2013,25.442
GRC,2014,25.493
GRC,2015,25.716
GRC,2016,26.041
GRC,2017,25.188
GRC,2018,25.025
GRC,2019,25.082
GRC,2020,27.86
GRC,2021,26.1
GRC,2022,24.115
HUN,1999,20.854
HUN,2000,20.092
HUN,2001,19.771
HUN,2002,20.8
HUN,2003,21.79
HUN,2004,21.05
HUN,2005,21.815
HUN,2006,22.112
HUN,2007,22.374
HUN,2008,22.622
HUN,2009,23.185
HUN,2010,22.805
HUN,2011,22.163
HUN,2012,22.478
HUN,2013,22.169
HUN,2014,21.322
HUN,2015,20.349
HUN,2016,20.17
HUN,2017,19.434
HUN,2018,18.616
HUN,2019,17.636
HUN,2020,18.546
HUN,2021,18.091
HUN,2022,17.194
ISL,1990,13.291
ISL,1991,13.743
ISL,1992,14.275
ISL,1993,14.602
ISL,1994,14.452
ISL,1995,14.758
ISL,1996,14.552
ISL,1997,14.108
ISL,1998,14.17
ISL,1999,14.423
ISL,2000,14.462
ISL,2001,14.482
ISL,2002,15.808
ISL,2003,16.732
ISL,2004,16.492
ISL,2005,15.618
ISL,2006,14.977
ISL,2007,15.825
ISL,2008,16.15
ISL,2009,18.491
ISL,2010,17.732
ISL,2011,18.146
ISL,2012,17.794
ISL,2013,17.325
ISL,2014,17.512
ISL,2015,16.648
ISL,2016,16.491
ISL,2017,17.496
ISL,2018,17.779
ISL,2019,18.691
ISL,2020,23.013
ISL,2021,22.312
ISL,2022,20.778
IRL,1930,3.74
IRL,1960,7.102097
IRL,1961,7.2091494
IRL,1962,7.303251
IRL,1963,7.6269927
IRL,1964,7.5265546
IRL,1965,7.8354607
IRL,1966,8.494923
IRL,1967,8.695133
IRL,1968,8.480267
IRL,1969,8.908888
IRL,1970,9.708178
IRL,1971,10.246468
IRL,1972,10.114014
IRL,1973,10.9998865
IRL,1974,12.394348
IRL,1975,13.926001
IRL,1976,13.8120985
IRL,1977,13.346849
IRL,1978,13.392767
IRL,1979,13.806341
IRL,1980,15.674
IRL,1981,15.784
IRL,1982,16.575
IRL,1983,16.695
IRL,1984,16.161
IRL,1985,20.392
IRL,1986,20.541
IRL,1987,19.816
IRL,1988,18.601
IRL,1989,17.14
IRL,1990,16.858
IRL,1991,17.762
IRL,1992,18.526
IRL,1993,18.497
IRL,1994,18.099
IRL,1995,17.563
IRL,1996,16.591
IRL,1997,15.508
IRL,1998,14.542
IRL,1999,13.682
IRL,2000,13.136
IRL,2001,13.948
IRL,2002,14.858
IRL,2003,15.422
IRL,2004,15.741
IRL,2005,15.834
IRL,2006,15.841
IRL,2007,16.746
IRL,2008,19.955
IRL,2009,23.853
IRL,2010,24.134
IRL,2011,23.294
IRL,2012,23.048
IRL,2013,21.812
IRL,2014,20.092
IRL,2015,15.196
IRL,2016,15.13
IRL,2017,14.181
IRL,2018,13.519
IRL,2019,12.868
IRL,2020,15.694
IRL,2021,14.178
IRL,2022,12.779
ISR,1995,16.037
ISR,1996,16.519
ISR,1997,16.518
ISR,1998,16.309
ISR,1999,16.276
ISR,2000,16.045
ISR,2001,17.28
ISR,2002,17.167
ISR,2003,16.668
ISR,2004,15.657
ISR,2005,15.219
ISR,2006,14.824
ISR,2007,14.357
ISR,2008,14.591
ISR,2009,15.129
ISR,2010,15.257
ISR,2011,15.005
ISR,2012,15.23
ISR,2013,15.29
ISR,2014,15.292
ISR,2015,15.3
ISR,2016,15.303
ISR,2017,15.929
ISR,2018,15.962
ISR,2019,16.128
ISR,2020,20.061
ISR,2021,18.343
ITA,1880,0
ITA,1890,0
ITA,1900,0
ITA,1910,0
ITA,1920,0
ITA,1930,0.08
ITA,1960,10.681984
ITA,1961,10.464329
ITA,1962,11.285819
ITA,1963,11.626103
ITA,1964,11.695103
ITA,1965,13.183179
ITA,1966,13.315965
ITA,1967,13.211858
ITA,1968,13.508812
ITA,1969,13.867328
ITA,1970,13.833173
ITA,1971,14.793898
ITA,1972,15.837904
ITA,1973,15.593411
ITA,1974,15.767111
ITA,1975,17.156511
ITA,1976,17.199873
ITA,1977,16.585323
ITA,1978,17.950176
ITA,1979,17.30984
ITA,1980,17.322
ITA,1981,18.666
ITA,1982,19.129
ITA,1983,20.15
ITA,1984,19.725
ITA,1985,20.047
ITA,1986,20.046
ITA,1987,20.264
ITA,1988,20.123
ITA,1989,20.285
ITA,1990,20.635
ITA,1991,21.007
ITA,1992,21.733
ITA,1993,21.999
ITA,1994,21.981
ITA,1995,21.056
ITA,1996,21.466
ITA,1997,22.152
ITA,1998,22.297
ITA,1999,22.72
ITA,2000,22.609
ITA,2001,22.801
ITA,2002,23.23
ITA,2003,23.561
ITA,2004,23.821
ITA,2005,24.055
ITA,2006,24.176
ITA,2007,24.003
ITA,2008,24.934
ITA,2009,26.953
ITA,2010,26.938
ITA,2011,26.546
ITA,2012,27.264
ITA,2013,27.87
ITA,2014,28.123
ITA,2015,28.315
ITA,2016,27.928
ITA,2017,27.653
ITA,2018,27.516
ITA,2019,27.732
ITA,2020,32.628
ITA,2021,30.732
ITA,2022,30.059
JPN,1880,0.05
JPN,1890,0.11
JPN,1900,0.17
JPN,1910,0.18
JPN,1920,0.18
JPN,1930,0.21
JPN,1960,3.327155
JPN,1961,3.7628338
JPN,1962,4.0174747
JPN,1963,4.1905417
JPN,1964,4.2379403
JPN,1965,4.5267024
JPN,1966,4.5794
JPN,1967,4.6308193
JPN,1968,4.5706687
JPN,1969,4.4774094
JPN,1970,4.706678
JPN,1971,4.920253
JPN,1972,5.317922
JPN,1973,5.49207
JPN,1974,6.6492877
JPN,1975,7.6613207
JPN,1976,8.255052
JPN,1977,8.576309
JPN,1978,9.225517
JPN,1979,9.522368
JPN,1980,9.82
JPN,1981,10.248
JPN,1982,10.569
JPN,1983,10.795
JPN,1984,10.664
JPN,1985,10.637
JPN,1986,10.965
JPN,1987,11.025
JPN,1988,10.736
JPN,1989,10.594
JPN,1990,10.45
JPN,1991,10.579
JPN,1992,11.185
JPN,1993,11.876
JPN,1994,12.383
JPN,1995,12.745
JPN,1996,12.721
JPN,1997,13.147
JPN,1998,13.86
JPN,1999,14.726
JPN,2000,14.916
JPN,2001,15.764
JPN,2002,16.106
JPN,2003,16.285
JPN,2004,16.49
JPN,2005,16.886
JPN,2006,17.011
JPN,2007,17.431
JPN,2008,18.445
JPN,2009,20.632
JPN,2010,20.981
JPN,2011,21.826
JPN,2012,21.773
JPN,2013,21.769
JPN,2014,21.539
JPN,2015,21.914
JPN,2016,21.965
JPN,2017,22.077
JPN,2018,22.195
JPN,2019,22.765
JPN,2020,24.943
LVA,1995,0
LVA,1996,0
LVA,1997,14.253
LVA,1998,14.995
LVA,1999,16.382
LVA,2000,15.311
LVA,2001,14.319
LVA,2002,13.799
LVA,2003,12.864
LVA,2004,12.996
LVA,2005,12.198
LVA,2006,12.086
LVA,2007,11.023
LVA,2008,12.922
LVA,2009,17.917
LVA,2010,19.122
LVA,2011,16.909
LVA,2012,15.322
LVA,2013,15.54
LVA,2014,15.377
LVA,2015,15.712
LVA,2016,15.973
LVA,2017,15.812
LVA,2018,16.142
LVA,2019,16.523
LVA,2020,18.472
LVA,2021,19.76
LVA,2022,19.695
LTU,1996,13.114
LTU,1997,13.754
LTU,1998,14.97
LTU,1999,16.152
LTU,2000,15.402
LTU,2001,14.56
LTU,2002,14.357
LTU,2003,14.287
LTU,2004,13.234
LTU,2005,13.694
LTU,2006,13.758
LTU,2007,14.838
LTU,2008,16.573
LTU,2009,21.848
LTU,2010,19.411
LTU,2011,17.373
LTU,2012,16.309
LTU,2013,15.333
LTU,2014,15.507
LTU,2015,15.805
LTU,2016,15.573
LTU,2017,15.334
LTU,2018,16.398
LTU,2019,16.993
LTU,2020,21.076
LTU,2021,18.731
LTU,2022,19.839
LUX,1980,20.098
LUX,1981,21.505
LUX,1982,20.826
LUX,1983,20.992
LUX,1984,19.774
LUX,1985,19.582
LUX,1986,18.953
LUX,1987,19.813
LUX,1988,19.402
LUX,1989,18.769
LUX,1990,18.974
LUX,1991,19.287
LUX,1992,19.64
LUX,1993,19.964
LUX,1994,19.778
LUX,1995,20.583
LUX,1996,20.561
LUX,1997,20.033
LUX,1998,20.213
LUX,1999,19.805
LUX,2000,18.774
LUX,2001,20.28
LUX,2002,21.481
LUX,2003,22.756
LUX,2004,22.821
LUX,2005,22.587
LUX,2006,21.111
LUX,2007,19.895
LUX,2008,20.813
LUX,2009,22.535
LUX,2010,21.727
LUX,2011,20.596
LUX,2012,20.726
LUX,2013,20.889
LUX,2014,20.815
LUX,2015,20.543
LUX,2016,20.251
LUX,2017,20.687
LUX,2018,21.02
LUX,2019,21.617
LUX,2020,23.92
LUX,2021,21.595
LUX,2022,21.872
MEX,1985,1.948
MEX,1986,1.785
MEX,1987,1.725
MEX,1988,1.921
MEX,1989,2.462
MEX,1990,3.139
MEX,1991,3.523
MEX,1992,3.85
MEX,1993,3.786
MEX,1994,4.105
MEX,1995,3.68
MEX,1996,3.367
MEX,1997,3.396
MEX,1998,3.809
MEX,1999,4.286
MEX,2000,4.391
MEX,2001,4.992
MEX,2002,5.346
MEX,2003,6.02
MEX,2004,5.954
MEX,2005,6.145
MEX,2006,6.26
MEX,2007,6.255
MEX,2008,6.704
MEX,2009,7.262
MEX,2010,7.342
MEX,2011,7.21
MEX,2012,7.228
MEX,2013,7.565
MEX,2014,7.552
MEX,2015,7.658
MEX,2016,7.487
MEX,2017,7.407
MEX,2018,7.105
MEX,2019,7.355
NLD,1880,0.29
NLD,1890,0.3
NLD,1900,0.39
NLD,1910,0.39
NLD,1920,0.99
NLD,1930,1.03
NLD,1960,9.48142
NLD,1961,10.274748
NLD,1962,10.979871
NLD,1963,12.6561775
NLD,1964,12.764593
NLD,1965,13.869847
NLD,1966,15.021021
NLD,1967,16.022108
NLD,1968,16.598606
NLD,1969,17.424473
NLD,1970,18.191757
NLD,1971,18.937664
NLD,1972,19.710352
NLD,1973,20.2884
NLD,1974,21.640015
NLD,1975,23.951485
NLD,1976,23.990498
NLD,1977,20.700474
NLD,1978,21.55937
NLD,1979,22.265646
NLD,1980,22.964
NLD,1981,23.594
NLD,1982,25.04
NLD,1983,25.39
NLD,1984,24.059
NLD,1985,23.476
NLD,1986,22.91
NLD,1987,22.867
NLD,1988,22.547
NLD,1989,22.224
NLD,1990,23.683
NLD,1991,23.634
NLD,1992,24.065
NLD,1993,24.172
NLD,1994,22.898
NLD,1995,22.082
NLD,1996,21.001
NLD,1997,20.319
NLD,1998,20.271
NLD,1999,19.576
NLD,2000,18.98
NLD,2001,19.08
NLD,2002,19.863
NLD,2003,20.54
NLD,2004,20.386
NLD,2005,19.913
NLD,2006,16.428
NLD,2007,15.737
NLD,2008,15.474
NLD,2009,17.072
NLD,2010,17.463
NLD,2011,17.537
NLD,2012,17.923
NLD,2013,18.132
NLD,2014,17.929
NLD,2015,17.596
NLD,2016,17.468
NLD,2017,16.649
NLD,2018,16.318
NLD,2019,16.321
NLD,2020,18.921
NLD,2021,18.671
NLD,2022,17.565
NZL,1880,0.17
NZL,1890,0.39
NZL,1900,1.09
NZL,1910,1.35
NZL,1920,1.84
NZL,1930,2.43
NZL,1960,11.149809
NZL,1961,11.059325
NZL,1962,11.312077
NZL,1963,10.759138
NZL,1964,10.527614
NZL,1965,10.316295
NZL,1966,10.519802
NZL,1967,10.861687
NZL,1968,10.6076765
NZL,1969,10.263539
NZL,1970,9.916814
NZL,1971,9.741967
NZL,1972,10.792769
NZL,1973,11.309372
NZL,1974,11.899358
NZL,1975,12.674137
NZL,1976,13.05347
NZL,1977,15.399199
NZL,1978,15.980966
NZL,1979,15.826145
NZL,1980,16.366
NZL,1981,16.513
NZL,1982,16.983
NZL,1983,16.686
NZL,1984,15.987
NZL,1985,16.348
NZL,1986,16.574
NZL,1987,17.606
NZL,1988,18.751
NZL,1989,20.284
NZL,1990,20.153
NZL,1991,20.569
NZL,1992,20.25
NZL,1993,18.8
NZL,1994,18.14
NZL,1995,17.617
NZL,1996,17.562
NZL,1997,18.577
NZL,1998,19.11
NZL,1999,18.459
NZL,2000,18.259
NZL,2001,17.629
NZL,2002,18.208
NZL,2003,17.574
NZL,2004,16.702
NZL,2005,19.927
NZL,2006,20.039
NZL,2007,20.671
NZL,2008,22.629
NZL,2009,23.561
NZL,2010,23.429
NZL,2011,22.933
NZL,2012,22.79
NZL,2013,21.26
NZL,2014,21.129
NZL,2015,20.04
NZL,2016,19.65
NZL,2017,18.652
NZL,2018,19.455
NZL,2019,23.642
NZL,2020,21.978
NZL,2021,20.825
NOR,1880,1.07
NOR,1890,0.95
NOR,1900,1.24
NOR,1910,1.18
NOR,1920,1.09
NOR,1930,2.39
NOR,1960,6.0308456
NOR,1961,6.224853
NOR,1962,6.779612
NOR,1963,7.106426
NOR,1964,7.3301353
NOR,1965,7.7978187
NOR,1966,8.597698
NOR,1967,9.164309
NOR,1968,9.670078
NOR,1969,10.3219
NOR,1970,12.388331
NOR,1971,13.365773
NOR,1972,14.333635
NOR,1973,14.651313
NOR,1974,14.323746
NOR,1975,14.974225
NOR,1976,15.539198
NOR,1977,15.916625
NOR,1978,16.711977
NOR,1979,16.927437
NOR,1980,16.121
NOR,1981,16.066881
NOR,1985,17.198
NOR,1988,19.971
NOR,1989,20.866
NOR,1990,21.55
NOR,1991,22.458
NOR,1992,23.346
NOR,1993,23.261
NOR,1994,23.081
NOR,1995,22.474
NOR,1996,21.681
NOR,1997,21.183
NOR,1998,22.634
NOR,1999,22.552
NOR,2000,20.411
NOR,2001,21.234
NOR,2002,22.71
NOR,2003,23.644
NOR,2004,22.283
NOR,2005,20.737
NOR,2006,19.479
NOR,2007,19.603
NOR,2008,19.28
NOR,2009,22.519
NOR,2010,22.119
NOR,2011,21.578
NOR,2012,21.469
NOR,2013,21.918
NOR,2014,22.839
NOR,2015,24.681
NOR,2016,25.934
NOR,2017,25.129
NOR,2018,24.21
NOR,2019,25.278
NOR,2020,28.159
NOR,2021,24.362
NOR,2022,20.676
,1980,14.36
,1981,14.664
,1982,15.119
,1983,15.388
,1984,15.158
,1985,15.887
,1986,15.723
,1987,15.863
,1988,15.773
,1989,15.657
,1990,16.364
,1991,17.175
,1992,17.975
,1993,18.473
,1994,18.269
,1995,17.993
,1996,17.98
,1997,17.646
,1998,17.705
,1999,17.624
,2000,17.333
,2001,17.54
,2002,17.985
,2003,18.31
,2004,18.109
,2005,18.114
,2006,17.757
,2007,17.662
,2008,18.409
,2009,20.593
,2010,20.405
,2011,20.052
,2012,20.146
,2013,20.212
,2014,20.165
,2015,20.073
,2016,20.053
,2017,19.771
,2018,19.682
,2019,20.101
,2020,22.961
,2021,21.978
,2022,21.094
POL,1990,14.194
POL,1991,20.485
POL,1992,24.042
POL,1993,23.536
POL,1994,22.462
POL,1995,21.808
POL,1996,21.988
POL,1997,21.48
POL,1998,20.777
POL,1999,21.114
POL,2000,20.182
POL,2001,21.71
POL,2002,21.815
POL,2003,21.965
POL,2004,21.251
POL,2005,20.898
POL,2006,20.636
POL,2007,19.529
POL,2008,20.222
POL,2009,21.311
POL,2010,20.727
POL,2011,19.578
POL,2012,19.856
POL,2013,20.606
POL,2014,20.288
POL,2015,20.219
POL,2016,21.185
POL,2017,20.786
POL,2018,20.509
POL,2019,21.186
POL,2020,23.226
POL,2021,22.568
POL,2022,22.706
PRT,1980,9.515
PRT,1981,10.157
PRT,1982,9.614
PRT,1983,9.728
PRT,1984,9.664
PRT,1985,9.83
PRT,1986,10.424
PRT,1987,10.695
PRT,1988,10.852
PRT,1989,10.495
PRT,1990,12.225
PRT,1991,13.104
PRT,1992,13.758
PRT,1993,15.12
PRT,1994,15.238
PRT,1995,16.019
PRT,1996,16.597
PRT,1997,16.443
PRT,1998,16.836
PRT,1999,17.243
PRT,2000,18.576
PRT,2001,19.061
PRT,2002,20.408
PRT,2003,21.461
PRT,2004,21.798
PRT,2005,22.424
PRT,2006,21.643
PRT,2007,21.307
PRT,2008,21.768
PRT,2009,24.11
PRT,2010,24.336
PRT,2011,24.229
PRT,2012,24.332
PRT,2013,25.413
PRT,2014,24.977
PRT,2015,23.922
PRT,2016,23.459
PRT,2017,22.728
PRT,2018,22.457
PRT,2019,22.341
PRT,2020,25.113
PRT,2021,24.798
PRT,2022,24.639
SVK,1995,18.327
SVK,1996,17.938
SVK,1997,17.582
SVK,1998,17.706
SVK,1999,18.184
SVK,2000,17.517
SVK,2001,17.231
SVK,2002,17.389
SVK,2003,16.619
SVK,2004,15.899
SVK,2005,15.377
SVK,2006,15.06
SVK,2007,14.858
SVK,2008,14.935
SVK,2009,17.77
SVK,2010,17.372
SVK,2011,17.126
SVK,2012,17.325
SVK,2013,17.66
SVK,2014,17.746
SVK,2015,17.249
SVK,2016,17.625
SVK,2017,17.518
SVK,2018,17.177
SVK,2019,17.452
SVK,2020,19.769
SVK,2021,19.631
SVK,2022,19.057
SVN,1995,5.681
SVN,1996,21.925
SVN,1997,22.267
SVN,1998,22.342
SVN,1999,22.316
SVN,2000,22.095
SVN,2001,21.95
SVN,2002,22.32
SVN,2003,21.935
SVN,2004,21.551
SVN,2005,21.524
SVN,2006,21.126
SVN,2007,19.763
SVN,2008,19.88
SVN,2009,22.428
SVN,2010,23.355
SVN,2011,23.441
SVN,2012,23.473
SVN,2013,23.802
SVN,2014,23.089
SVN,2015,22.65
SVN,2016,22.246
SVN,2017,21.485
SVN,2018,21.325
SVN,2019,21.472
SVN,2020,24.467
SVN,2021,23.657
SVN,2022,22.839
KOR,1990,2.643
KOR,1991,2.546
KOR,1992,2.766
KOR,1993,2.839
KOR,1994,2.834
KOR,1995,3.013
KOR,1996,3.162
KOR,1997,3.402
KOR,1998,4.717
KOR,1999,5.622
KOR,2000,4.412
KOR,2001,4.788
KOR,2002,4.654
KOR,2003,4.945
KOR,2004,5.536
KOR,2005,5.88
KOR,2006,6.699
KOR,2007,6.782
KOR,2008,7.264
KOR,2009,8.069
KOR,2010,7.86
KOR,2011,7.814
KOR,2012,8.329
KOR,2013,8.825
KOR,2014,9.19
KOR,2015,9.636
KOR,2016,9.87
KOR,2017,10.107
KOR,2018,10.895
KOR,2019,12.259
KOR,2020,14.393
KOR,2021,14.922
KOR,2022,14.843
ESP,1980,14.942
ESP,1981,16.042
ESP,1982,16.054
ESP,1983,16.782
ESP,1984,16.56
ESP,1985,17.086
ESP,1986,16.836
ESP,1987,16.718
ESP,1988,17.199
ESP,1989,17.313
ESP,1990,19.144
ESP,1991,19.876
ESP,1992,21.011
ESP,1993,22.256
ESP,1994,21.265
ESP,1995,20.631
ESP,1996,20.533
ESP,1997,19.964
ESP,1998,19.863
ESP,1999,19.737
ESP,2000,19.464
ESP,2001,19.091
ESP,2002,19.35
ESP,2003,19.989
ESP,2004,20.213
ESP,2005,20.475
ESP,2006,20.516
ESP,2007,20.897
ESP,2008,22.326
ESP,2009,25.613
ESP,2010,24.902
ESP,2011,25.541
ESP,2012,25.55
ESP,2013,25.705
ESP,2014,25.373
ESP,2015,24.707
ESP,2016,24.245
ESP,2017,23.927
ESP,2018,24.034
ESP,2019,24.647
ESP,2020,31.184
ESP,2021,29.538
ESP,2022,28.086
SWE,1880,0.72
SWE,1890,0.85
SWE,1900,0.85
SWE,1910,1.03
SWE,1920,1.14
SWE,1930,2.59
SWE,1960,10.224313
SWE,1961,10.171698
SWE,1962,10.491171
SWE,1963,11.7051935
SWE,1964,11.80476
SWE,1965,12.444718
SWE,1966,13.26691
SWE,1967,14.3737335
SWE,1968,15.423788
SWE,1969,15.587025
SWE,1970,15.826911
SWE,1971,17.34218
SWE,1972,17.35731
SWE,1973,17.379168
SWE,1974,19.88066
SWE,1975,19.979963
SWE,1976,20.905005
SWE,1977,23.129807
SWE,1978,23.793518
SWE,1979,23.74045
SWE,1980,24.494
SWE,1981,25.192
SWE,1982,25.126
SWE,1983,25.422
SWE,1984,24.652
SWE,1985,26.587
SWE,1986,26.709
SWE,1987,26.929
SWE,1988,27.376
SWE,1989,26.804
SWE,1990,26.853
SWE,1991,28.66
SWE,1992,32.205
SWE,1993,33.696
SWE,1994,32.517
SWE,1995,30.189
SWE,1996,29.717
SWE,1997,28.472
SWE,1998,28.172
SWE,1999,27.65
SWE,2000,26.427
SWE,2001,26.547
SWE,2002,27.209
SWE,2003,27.922
SWE,2004,27.426
SWE,2005,27.103
SWE,2006,26.408
SWE,2007,25.328
SWE,2008,25.366
SWE,2009,27.21
SWE,2010,25.849
SWE,2011,25.276
SWE,2012,26.276
SWE,2013,26.948
SWE,2014,26.587
SWE,2015,26.107
SWE,2016,26.527
SWE,2017,25.859
SWE,2018,25.633
SWE,2019,25.072
SWE,2020,25.855
SWE,2021,24.9
SWE,2022,23.671
CHE,1930,1.17
CHE,1980,12.358
CHE,1981,12.085
CHE,1982,12.779
CHE,1983,13.136
CHE,1984,13.277
CHE,1985,12.96
CHE,1986,13.073
CHE,1987,13.185
CHE,1988,13.23
CHE,1989,12.946
CHE,1990,12.599
CHE,1991,13.402
CHE,1992,14.793
CHE,1993,16.109
CHE,1994,16.059
CHE,1995,14.383
CHE,1996,14.642
CHE,1997,15.091
CHE,1998,15.068
CHE,1999,14.876
CHE,2000,14.078
CHE,2001,14.353
CHE,2002,15.345
CHE,2003,15.949
CHE,2004,15.84
CHE,2005,15.679
CHE,2006,14.941
CHE,2007,14.368
CHE,2008,14.049
CHE,2009,15.557
CHE,2010,15.204
CHE,2011,15.162
CHE,2012,15.378
CHE,2013,15.67
CHE,2014,15.579
CHE,2015,16.08
CHE,2016,16.237
CHE,2017,16.435
CHE,2018,15.969
CHE,2019,16.145
CHE,2020,19.315
CHE,2021,18.03
CHE,2022,17.038
TUR,1980,2.245
TUR,1981,1.647
TUR,1982,1.784
TUR,1983,1.844
TUR,1984,2.219
TUR,1985,1.949
TUR,1986,2.094
TUR,1987,2.186
TUR,1988,2.553
TUR,1989,3.084
TUR,1990,3.792
TUR,1991,4.054
TUR,1992,4.163
TUR,1993,3.97
TUR,1994,3.638
TUR,1995,3.363
TUR,1996,4.574
TUR,1997,4.83
TUR,1998,5.002
TUR,1999,5.695
TUR,2000,7.513
TUR,2001,8.167
TUR,2002,8.734
TUR,2003,9.674
TUR,2004,9.953
TUR,2005,9.921
TUR,2006,10.206
TUR,2007,10.77
TUR,2008,10.978
TUR,2009,12.883
TUR,2010,12.212
TUR,2011,11.73
TUR,2012,11.879
TUR,2013,11.684
TUR,2014,11.61
TUR,2015,11.488
TUR,2016,12.534
TUR,2017,11.999
TUR,2018,11.767
TUR,2019,12.429
GBR,1880,0.86
GBR,1890,0.83
GBR,1900,1
GBR,1910,1.38
GBR,1920,1.39
GBR,1930,2.24
GBR,1960,9.695268
GBR,1961,9.937714
GBR,1962,10.126616
GBR,1963,10.619389
GBR,1964,10.441891
GBR,1965,11.067408
GBR,1966,11.281802
GBR,1967,11.917085
GBR,1968,12.380001
GBR,1969,12.374165
GBR,1970,12.529809
GBR,1971,12.405704
GBR,1972,13.178441
GBR,1973,12.79034
GBR,1974,14.160776
GBR,1975,14.835801
GBR,1976,15.372347
GBR,1977,15.317716
GBR,1978,15.626504
GBR,1979,15.545771
GBR,1980,15.587
GBR,1981,16.879
GBR,1982,17.324
GBR,1983,18.123
GBR,1984,18.056
GBR,1985,18.181
GBR,1986,18.193
GBR,1987,17.389
GBR,1988,16.133
GBR,1989,15.458
GBR,1990,14.903
GBR,1991,16.385
GBR,1992,17.821
GBR,1993,18.423
GBR,1994,17.719
GBR,1995,16.575
GBR,1996,16.393
GBR,1997,16.528
GBR,1998,16.925
GBR,1999,16.735
GBR,2000,16.807
GBR,2001,17.606
GBR,2002,17.864
GBR,2003,18.619
GBR,2004,19.188
GBR,2005,19.141
GBR,2006,19.063
GBR,2007,19.571
GBR,2008,20.828
GBR,2009,22.924
GBR,2010,23.069
GBR,2011,22.851
GBR,2012,22.951
GBR,2013,22.224
GBR,2014,21.685
GBR,2015,21.279
GBR,2016,20.616
GBR,2017,20.212
GBR,2018,19.724
GBR,2019,19.513
GBR,2020,22.488
GBR,2021,22.1
USA,1880,0.29
USA,1890,0.45
USA,1900,0.55
USA,1910,0.56
USA,1920,0.7
USA,1930,0.56
USA,1960,6.2148666
USA,1961,6.785977
USA,1962,6.833349
USA,1963,6.8057847
USA,1964,6.717871
USA,1965,6.7227244
USA,1966,6.835506
USA,1967,7.513561
USA,1968,7.8853393
USA,1969,7.979135
USA,1970,8.879691
USA,1971,9.5997715
USA,1972,9.746132
USA,1973,9.940621
USA,1974,10.912134
USA,1975,12.406018
USA,1976,12.254199
USA,1977,12.023055
USA,1978,11.657559
USA,1979,11.810509
USA,1980,12.86
USA,1981,13.2
USA,1982,13.619
USA,1983,13.783
USA,1984,12.894
USA,1985,12.587
USA,1986,12.924
USA,1987,12.883
USA,1988,12.845
USA,1989,12.833
USA,1990,13.197
USA,1991,14.166
USA,1992,14.847
USA,1993,15.114
USA,1994,15.06
USA,1995,14.94
USA,1996,15.215
USA,1997,14.333
USA,1998,14.395
USA,1999,14.119
USA,2000,14.123
USA,2001,14.698
USA,2002,15.536
USA,2003,15.801
USA,2004,15.663
USA,2005,15.492
USA,2006,15.541
USA,2007,15.673
USA,2008,16.245
USA,2009,18.309
USA,2010,19.033
USA,2011,18.726
USA,2012,18.46
USA,2013,18.428
USA,2014,18.439
USA,2015,18.537
USA,2016,18.658
USA,2017,18.474
USA,2018,18.235
USA,2019,18.262
USA,2020,23.942
USA,2021,22.7
