Code,Year,Current health expenditure (CHE) as percentage of gross domestic product (GDP) (%)
AFG,2002,9.44339
AFG,2003,8.94126
AFG,2004,9.80847
AFG,2005,9.94829
AFG,2006,10.62277
AFG,2007,9.90467
AFG,2008,10.2565
AFG,2009,9.81849
AFG,2010,8.56967
AFG,2011,8.56191
AFG,2012,7.89717
AFG,2013,8.80596
AFG,2014,9.52888
AFG,2015,10.10535
AFG,2016,11.81859
AFG,2017,12.62082
AFG,2018,14.20842
AFG,2019,14.83132
AFG,2020,15.53361
AFG,2021,21.50846
AFG,2022,23.08817
,2000,4.32165
,2001,4.5095
,2002,4.58372
,2003,4.79455
,2004,4.99369
,2005,4.98905
,2006,5.03215
,2007,4.96393
,2008,4.9053
,2009,5.25066
,2010,5.27099
,2011,5.18637
,2012,5.08285
,2013,5.29298
,2014,5.45448
,2015,5.51258
,2016,5.47735
,2017,5.51074
,2018,5.28805
,2019,5.46429
,2020,5.85015
,2021,5.72556
,2022,5.6009
ALB,2000,5.9442
ALB,2001,5.92585
ALB,2002,5.66464
ALB,2003,5.91141
ALB,2004,5.89365
ALB,2005,5.72955
ALB,2006,5.63177
ALB,2007,5.92609
ALB,2008,5.509
ALB,2009,5.82604
ALB,2010,6.23668
ALB,2011,6.18298
ALB,2012,6.15746
ALB,2013,6.28286
ALB,2014,6.43451
ALB,2015,6.46412
ALB,2016,6.72933
ALB,2017,6.57849
ALB,2018,6.66845
ALB,2019,6.86214
ALB,2020,7.50389
ALB,2021,7.39913
ALB,2022,6.19368
DZA,2000,3.21485
DZA,2001,3.53629
DZA,2002,3.4417
DZA,2003,3.32569
DZA,2004,3.29031
DZA,2005,3.11886
DZA,2006,3.19
DZA,2007,3.62011
DZA,2008,3.98331
DZA,2009,4.89211
DZA,2010,4.64001
DZA,2011,4.82568
DZA,2012,5.63658
DZA,2013,5.64542
DZA,2014,6.01485
DZA,2015,6.33435
DZA,2016,6.0008
DZA,2017,5.94846
DZA,2018,5.93239
DZA,2019,5.41731
DZA,2020,5.63832
DZA,2021,5.01106
DZA,2022,3.62304
,2000,5.75352
,2001,5.82156
,2002,5.95289
,2003,5.98018
,2004,5.95478
,2005,6.02551
,2006,6.02301
,2007,6.19868
,2008,6.32538
,2009,6.70689
,2010,6.66367
,2011,6.6867
,2012,6.65575
,2013,6.66016
,2014,6.73606
,2015,6.94034
,2016,6.99093
,2017,6.96259
,2018,6.9041
,2019,6.99964
,2020,7.79614
,2021,7.76048
,2022,7.32196
AND,2000,5.95276
AND,2001,5.85824
AND,2002,5.99621
AND,2003,5.54772
AND,2004,5.28847
AND,2005,5.59477
AND,2006,4.9653
AND,2007,4.92347
AND,2008,5.67066
AND,2009,6.08094
AND,2010,7.67538
AND,2011,7.62061
AND,2012,6.71084
AND,2013,6.79964
AND,2014,6.77308
AND,2015,6.91586
AND,2016,6.90522
AND,2017,7.07143
AND,2018,7.37542
AND,2019,7.32325
AND,2020,8.78674
AND,2021,8.33451
AND,2022,7.53679
AGO,2000,1.9086
AGO,2001,4.48352
AGO,2002,3.32946
AGO,2003,3.54797
AGO,2004,3.9672
AGO,2005,2.8522
AGO,2006,2.68554
AGO,2007,2.97439
AGO,2008,3.3229
AGO,2009,3.84261
AGO,2010,2.6951
AGO,2011,2.64561
AGO,2012,2.39575
AGO,2013,2.73283
AGO,2014,2.43413
AGO,2015,2.60579
AGO,2016,2.71315
AGO,2017,2.79384
AGO,2018,2.59482
AGO,2019,2.47519
AGO,2020,3.27488
AGO,2021,3.09277
AGO,2022,2.92738
ATG,2000,4.71543
ATG,2001,5.43839
ATG,2002,5.28794
ATG,2003,5.58143
ATG,2004,5.11668
ATG,2005,4.99094
ATG,2006,4.63051
ATG,2007,4.4461
ATG,2008,4.20027
ATG,2009,4.17733
ATG,2010,5.37907
ATG,2011,5.44257
ATG,2012,5.47921
ATG,2013,5.50909
ATG,2014,5.8727
ATG,2015,5.27966
ATG,2016,5.1219
ATG,2017,4.87494
ATG,2018,4.85205
ATG,2019,4.40662
ATG,2020,5.72945
ATG,2021,4.99197
ATG,2022,5.72999
ARG,2000,8.22001
ARG,2001,8.3718
ARG,2002,7.39331
ARG,2003,6.89452
ARG,2004,7.22868
ARG,2005,7.61079
ARG,2006,7.64033
ARG,2007,7.83455
ARG,2008,8.1827
ARG,2009,9.456
ARG,2010,9.44546
ARG,2011,9.4182
ARG,2012,9.82727
ARG,2013,9.78098
ARG,2014,9.6713
ARG,2015,10.22934
ARG,2016,9.85559
ARG,2017,10.23175
ARG,2018,10.29147
ARG,2019,10.15551
ARG,2020,10.45031
ARG,2021,10.03832
ARG,2022,9.86305
ARM,2000,4.19581
ARM,2001,4.64564
ARM,2002,7.61359
ARM,2003,7.17936
ARM,2004,6.0551
ARM,2005,5.86188
ARM,2006,5.85007
ARM,2007,5.49814
ARM,2008,6.63977
ARM,2009,8.44378
ARM,2010,9.23538
ARM,2011,9.37589
ARM,2012,9.13455
ARM,2013,10.32345
ARM,2014,10.17828
ARM,2015,10.11763
ARM,2016,9.95195
ARM,2017,10.3627
ARM,2018,10.00543
ARM,2019,11.3798
ARM,2020,12.24056
ARM,2021,12.32269
ARM,2022,9.96213
AUS,2000,7.58869
AUS,2001,7.67392
AUS,2002,7.87221
AUS,2003,7.8766
AUS,2004,8.08258
AUS,2005,7.96486
AUS,2006,7.97161
AUS,2007,8.05171
AUS,2008,8.24737
AUS,2009,8.54235
AUS,2010,8.41878
AUS,2011,8.5336
AUS,2012,8.66923
AUS,2013,8.74458
AUS,2014,9.8249
AUS,2015,10.17368
AUS,2016,10.08973
AUS,2017,10.11242
AUS,2018,10.05163
AUS,2019,10.21285
AUS,2020,10.6604
AUS,2021,10.42525
AUS,2022,9.92688
AUT,2000,9.20371
AUT,2001,9.26943
AUT,2002,9.39476
AUT,2003,9.54724
AUT,2004,9.7094
AUT,2005,9.62703
AUT,2006,9.53113
AUT,2007,9.5321
AUT,2008,9.72565
AUT,2009,10.22583
AUT,2010,10.22102
AUT,2011,10.02613
AUT,2012,10.19916
AUT,2013,10.28575
AUT,2014,10.36809
AUT,2015,10.36747
AUT,2016,10.35226
AUT,2017,10.38403
AUT,2018,10.34886
AUT,2019,10.48754
AUT,2020,11.31641
AUT,2021,12.15229
AUT,2022,11.15729
AZE,2000,2.89007
AZE,2001,2.77419
AZE,2002,2.73097
AZE,2003,2.72699
AZE,2004,2.65944
AZE,2005,2.22961
AZE,2006,2.07059
AZE,2007,1.99422
AZE,2008,2.04814
AZE,2009,2.76541
AZE,2010,2.64635
AZE,2011,2.59547
AZE,2012,3.15682
AZE,2013,3.22551
AZE,2014,3.58703
AZE,2015,4.34131
AZE,2016,4.42242
AZE,2017,4.07397
AZE,2018,3.83661
AZE,2019,4.18189
AZE,2020,5.84818
AZE,2021,4.68527
AZE,2022,3.97841
BHS,2000,3.80487
BHS,2001,3.92441
BHS,2002,3.81252
BHS,2003,4.01999
BHS,2004,4.04628
BHS,2005,4.03196
BHS,2006,4.30936
BHS,2007,4.49599
BHS,2008,4.86262
BHS,2009,5.15001
BHS,2010,5.25594
BHS,2011,5.32399
BHS,2012,5.31909
BHS,2013,5.68466
BHS,2014,5.62926
BHS,2015,5.24419
BHS,2016,5.71207
BHS,2017,6.75127
BHS,2018,6.02688
BHS,2019,5.86801
BHS,2020,7.59303
BHS,2021,7.00575
BHS,2022,7.21692
BHR,2000,3.33543
BHR,2001,3.48573
BHR,2002,3.67866
BHR,2003,3.88658
BHR,2004,3.49818
BHR,2005,3.25871
BHR,2006,3.10821
BHR,2007,3.29534
BHR,2008,3.20387
BHR,2009,4.32667
BHR,2010,4.08935
BHR,2011,3.86518
BHR,2012,4.10642
BHR,2013,4.30854
BHR,2014,4.4124
BHR,2015,4.97672
BHR,2016,4.86051
BHR,2017,4.51236
BHR,2018,4.12746
BHR,2019,3.9598
BHR,2020,4.71962
BHR,2021,4.49224
BHR,2022,3.83745
BGD,2000,1.80505
BGD,2001,1.77202
BGD,2002,1.93417
BGD,2003,1.96152
BGD,2004,1.99854
BGD,2005,2.05874
BGD,2006,2.10647
BGD,2007,2.17268
BGD,2008,2.11879
BGD,2009,2.18322
BGD,2010,2.28808
BGD,2011,2.36418
BGD,2012,2.35379
BGD,2013,2.29574
BGD,2014,2.27915
BGD,2015,2.27218
BGD,2016,2.38938
BGD,2017,2.3672
BGD,2018,2.31622
BGD,2019,2.25762
BGD,2020,2.27064
BGD,2021,2.36551
BGD,2022,2.39039
BRB,2000,5.33187
BRB,2001,5.52529
BRB,2002,5.86123
BRB,2003,6.69148
BRB,2004,7.31298
BRB,2005,6.77536
BRB,2006,6.5837
BRB,2007,6.05665
BRB,2008,6.47753
BRB,2009,7.14523
BRB,2010,6.77095
BRB,2011,6.8969
BRB,2012,7.7782
BRB,2013,7.39746
BRB,2014,6.96651
BRB,2015,6.81828
BRB,2016,6.83312
BRB,2017,6.64786
BRB,2018,6.43944
BRB,2019,6.12044
BRB,2020,7.27406
BRB,2021,7.93866
BRB,2022,6.29389
BLR,2000,5.28088
BLR,2001,5.70648
BLR,2002,5.62404
BLR,2003,5.77103
BLR,2004,5.73651
BLR,2005,6.07036
BLR,2006,5.57366
BLR,2007,5.69172
BLR,2008,5.29449
BLR,2009,5.39065
BLR,2010,5.65694
BLR,2011,4.87453
BLR,2012,5.24539
BLR,2013,5.69563
BLR,2014,5.38792
BLR,2015,6.06528
BLR,2016,5.91054
BLR,2017,5.75975
BLR,2018,5.52699
BLR,2019,5.86134
BLR,2020,6.40607
BLR,2021,6.5655
BLR,2022,6.6592
BEL,2000,7.99918
BEL,2001,8.14989
BEL,2002,8.31821
BEL,2003,9.16443
BEL,2004,9.32809
BEL,2005,9.22217
BEL,2006,9.12786
BEL,2007,9.13449
BEL,2008,9.59316
BEL,2009,10.31898
BEL,2010,10.2001
BEL,2011,10.3614
BEL,2012,10.5025
BEL,2013,10.5746
BEL,2014,10.60847
BEL,2015,10.79679
BEL,2016,10.79323
BEL,2017,10.80118
BEL,2018,10.86121
BEL,2019,10.75969
BEL,2020,11.26482
BEL,2021,11.04725
BEL,2022,10.76192
BLZ,2000,3.09182
BLZ,2001,3.58663
BLZ,2002,3.69127
BLZ,2003,3.64453
BLZ,2004,3.53016
BLZ,2005,3.55393
BLZ,2006,3.56431
BLZ,2007,4.07202
BLZ,2008,4.53075
BLZ,2009,4.5234
BLZ,2010,4.4939
BLZ,2011,4.54753
BLZ,2012,4.36309
BLZ,2013,4.4416
BLZ,2014,4.89684
BLZ,2015,4.6688
BLZ,2016,4.7828
BLZ,2017,4.6335
BLZ,2018,4.76724
BLZ,2019,4.84424
BLZ,2020,5.35448
BLZ,2021,5.05842
BLZ,2022,4.23174
BEN,2000,2.95917
BEN,2001,3.30417
BEN,2002,3.09589
BEN,2003,3.11679
BEN,2004,3.23274
BEN,2005,3.22346
BEN,2006,3.28774
BEN,2007,2.93716
BEN,2008,2.65178
BEN,2009,2.88893
BEN,2010,3.00989
BEN,2011,2.99708
BEN,2012,3.07563
BEN,2013,2.86881
BEN,2014,2.69112
BEN,2015,2.72813
BEN,2016,2.7955
BEN,2017,2.66814
BEN,2018,2.88632
BEN,2019,2.50914
BEN,2020,2.71236
BEN,2021,2.5813
BEN,2022,2.67981
BTN,2000,4.13868
BTN,2001,4.60038
BTN,2002,3.95161
BTN,2003,3.83481
BTN,2004,4.26398
BTN,2005,3.83309
BTN,2006,4.08524
BTN,2007,3.83775
BTN,2008,3.14842
BTN,2009,3.29665
BTN,2010,3.29502
BTN,2011,3.08311
BTN,2012,3.32088
BTN,2013,3.40428
BTN,2014,3.28294
BTN,2015,3.48926
BTN,2016,3.3271
BTN,2017,3.13453
BTN,2018,3.06897
BTN,2019,3.37511
BTN,2020,4.08452
BTN,2021,3.07291
BTN,2022,4.38546
BOL,2000,4.39554
BOL,2001,4.82522
BOL,2002,4.89645
BOL,2003,5.1971
BOL,2004,4.86316
BOL,2005,5.07408
BOL,2006,4.66088
BOL,2007,4.69689
BOL,2008,4.60677
BOL,2009,5.17445
BOL,2010,5.20231
BOL,2011,5.17307
BOL,2012,5.25394
BOL,2013,5.57465
BOL,2014,5.89614
BOL,2015,6.55065
BOL,2016,6.83333
BOL,2017,6.49019
BOL,2018,6.60399
BOL,2019,6.88793
BOL,2020,8.02258
BOL,2021,8.15973
BOL,2022,8.43143
BIH,2000,7.98265
BIH,2001,7.59562
BIH,2002,7.41844
BIH,2003,8.30198
BIH,2004,9.0627
BIH,2005,9.05224
BIH,2006,9.17219
BIH,2007,9.5306
BIH,2008,9.68944
BIH,2009,9.02212
BIH,2010,9.01888
BIH,2011,9.17856
BIH,2012,9.49002
BIH,2013,9.44886
BIH,2014,9.49011
BIH,2015,9.24087
BIH,2016,9.13943
BIH,2017,8.81797
BIH,2018,8.761
BIH,2019,8.92544
BIH,2020,9.70312
BIH,2021,9.55514
BIH,2022,8.71645
BWA,2000,6.10839
BWA,2001,6.36608
BWA,2002,6.6653
BWA,2003,6.40934
BWA,2004,6.09126
BWA,2005,5.26533
BWA,2006,4.87599
BWA,2007,5.52081
BWA,2008,5.89747
BWA,2009,6.62081
BWA,2010,6.26718
BWA,2011,5.86915
BWA,2012,6.35011
BWA,2013,6.49914
BWA,2014,5.88041
BWA,2015,6.10288
BWA,2016,5.76838
BWA,2017,6.62987
BWA,2018,6.0401
BWA,2019,6.12193
BWA,2020,6.12134
BWA,2021,6.30755
BWA,2022,5.72839
BRA,2000,8.33457
BRA,2001,8.54963
BRA,2002,8.69687
BRA,2003,8.18899
BRA,2004,8.12492
BRA,2005,8.0354
BRA,2006,8.24953
BRA,2007,8.20183
BRA,2008,8.01128
BRA,2009,8.3948
BRA,2010,7.94517
BRA,2011,7.78819
BRA,2012,7.73638
BRA,2013,7.9766
BRA,2014,8.39644
BRA,2015,8.9093
BRA,2016,9.16902
BRA,2017,9.47125
BRA,2018,9.46475
BRA,2019,9.61449
BRA,2020,9.62327
BRA,2021,9.63647
BRA,2022,9.14277
BRN,2000,2.54791
BRN,2001,2.54651
BRN,2002,2.53448
BRN,2003,2.60261
BRN,2004,2.55193
BRN,2005,2.23386
BRN,2006,1.90725
BRN,2007,1.94145
BRN,2008,1.87612
BRN,2009,2.39307
BRN,2010,2.27826
BRN,2011,1.8641
BRN,2012,1.85097
BRN,2013,1.89831
BRN,2014,1.91437
BRN,2015,2.38709
BRN,2016,2.54829
BRN,2017,2.27023
BRN,2018,2.41289
BRN,2019,2.22774
BRN,2020,2.45178
BRN,2021,2.14642
BRN,2022,1.81768
BGR,2000,5.82971
BGR,2001,6.85959
BGR,2002,7.08099
BGR,2003,7.19987
BGR,2004,6.89091
BGR,2005,6.89011
BGR,2006,6.52545
BGR,2007,6.15652
BGR,2008,6.28282
BGR,2009,6.59578
BGR,2010,7.09478
BGR,2011,7.10251
BGR,2012,7.53904
BGR,2013,7.14167
BGR,2014,7.68306
BGR,2015,7.39364
BGR,2016,7.45975
BGR,2017,7.49624
BGR,2018,7.33192
BGR,2019,7.09238
BGR,2020,8.48236
BGR,2021,8.61893
BGR,2022,7.66358
BFA,2000,2.95026
BFA,2001,2.88835
BFA,2002,2.97113
BFA,2003,3.14307
BFA,2004,4.21721
BFA,2005,3.9511
BFA,2006,4.51446
BFA,2007,5.23373
BFA,2008,4.64781
BFA,2009,5.08159
BFA,2010,5.23958
BFA,2011,4.64868
BFA,2012,4.60267
BFA,2013,5.56332
BFA,2014,5.00027
BFA,2015,5.13192
BFA,2016,5.95486
BFA,2017,6.05966
BFA,2018,4.99954
BFA,2019,5.36803
BFA,2020,6.57715
BFA,2021,6.40748
BFA,2022,6.77182
BDI,2000,4.22182
BDI,2001,5.6818
BDI,2002,5.34984
BDI,2003,5.27245
BDI,2004,7.09573
BDI,2005,7.56017
BDI,2006,8.71265
BDI,2007,9.18554
BDI,2008,7.74148
BDI,2009,9.23238
BDI,2010,11.28197
BDI,2011,10.06996
BDI,2012,8.63756
BDI,2013,8.62835
BDI,2014,7.21082
BDI,2015,6.29023
BDI,2016,7.06148
BDI,2017,6.95276
BDI,2018,7.29396
BDI,2019,9.05011
BDI,2020,10.71837
BDI,2021,8.99484
BDI,2022,8.39523
KHM,2000,6.48248
KHM,2001,6.76129
KHM,2002,6.92061
KHM,2003,6.45834
KHM,2004,6.48597
KHM,2005,6.15048
KHM,2006,5.36461
KHM,2007,4.20613
KHM,2008,5.61297
KHM,2009,6.30897
KHM,2010,5.62713
KHM,2011,6.00444
KHM,2012,5.72469
KHM,2013,5.46155
KHM,2014,5.07833
KHM,2015,4.62507
KHM,2016,4.49053
KHM,2017,4.26933
KHM,2018,4.49708
KHM,2019,5.05801
KHM,2020,5.28458
KHM,2021,5.51976
KHM,2022,4.7109
CMR,2000,4.29573
CMR,2001,4.1683
CMR,2002,4.0267
CMR,2003,3.90228
CMR,2004,3.72799
CMR,2005,3.77274
CMR,2006,3.73663
CMR,2007,3.79499
CMR,2008,3.65844
CMR,2009,3.49997
CMR,2010,3.57742
CMR,2011,3.85283
CMR,2012,3.93102
CMR,2013,3.63136
CMR,2014,4.34149
CMR,2015,4.12601
CMR,2016,4.02254
CMR,2017,3.79294
CMR,2018,3.6197
CMR,2019,3.65158
CMR,2020,4.25052
CMR,2021,4.30539
CMR,2022,4.47836
CAN,2000,8.24814
CAN,2001,8.62482
CAN,2002,8.8567
CAN,2003,9.0109
CAN,2004,9.06628
CAN,2005,9.03541
CAN,2006,9.32523
CAN,2007,9.42872
CAN,2008,9.58827
CAN,2009,10.69968
CAN,2010,10.70405
CAN,2011,10.40832
CAN,2012,10.54461
CAN,2013,10.43964
CAN,2014,10.28526
CAN,2015,10.7685
CAN,2016,11.06097
CAN,2017,10.93421
CAN,2018,10.94313
CAN,2019,11.05897
CAN,2020,13.02419
CAN,2021,12.41921
CAN,2022,11.23433
CPV,2000,4.43401
CPV,2001,4.75244
CPV,2002,4.75552
CPV,2003,4.8596
CPV,2004,4.75074
CPV,2005,4.47569
CPV,2006,5.12305
CPV,2007,5.14727
CPV,2008,4.35203
CPV,2009,3.96602
CPV,2010,4.08108
CPV,2011,3.92477
CPV,2012,4.67406
CPV,2013,4.82468
CPV,2014,4.85232
CPV,2015,4.40074
CPV,2016,4.36134
CPV,2017,4.74573
CPV,2018,4.76032
CPV,2019,4.47111
CPV,2020,6.6332
CPV,2021,7.31661
CPV,2022,6.6744
CAF,2000,4.38082
CAF,2001,4.01044
CAF,2002,4.23634
CAF,2003,4.18572
CAF,2004,4.14368
CAF,2005,4.22858
CAF,2006,4.31109
CAF,2007,4.63389
CAF,2008,4.02636
CAF,2009,4.68326
CAF,2010,3.567
CAF,2011,3.67562
CAF,2012,3.91814
CAF,2013,4.7666
CAF,2014,4.56557
CAF,2015,5.03434
CAF,2016,5.44402
CAF,2017,6.66542
CAF,2018,10.99527
CAF,2019,7.7614
CAF,2020,8.98555
CAF,2021,9.15271
CAF,2022,9.95509
TCD,2000,4.00527
TCD,2001,3.88476
TCD,2002,5.3339
TCD,2003,4.04336
TCD,2004,4.03655
TCD,2005,3.5529
TCD,2006,3.53793
TCD,2007,3.14605
TCD,2008,2.94988
TCD,2009,3.18316
TCD,2010,3.04079
TCD,2011,2.93421
TCD,2012,2.95897
TCD,2013,3.12303
TCD,2014,3.28551
TCD,2015,3.41505
TCD,2016,3.60403
TCD,2017,3.51023
TCD,2018,3.28932
TCD,2019,3.38254
TCD,2020,4.45331
TCD,2021,4.17852
TCD,2022,4.5255
CHL,2000,7.00021
CHL,2001,7.09733
CHL,2002,7.20834
CHL,2003,7.25048
CHL,2004,6.91029
CHL,2005,6.62372
CHL,2006,6.07236
CHL,2007,6.2126
CHL,2008,6.73954
CHL,2009,7.25027
CHL,2010,6.81958
CHL,2011,6.79948
CHL,2012,7.01951
CHL,2013,7.47553
CHL,2014,7.8415
CHL,2015,8.35139
CHL,2016,8.55767
CHL,2017,9.09052
CHL,2018,9.1504
CHL,2019,9.2992
CHL,2020,9.68911
CHL,2021,9.68593
CHL,2022,10.06173
CHN,2000,4.50828
CHN,2001,4.2533
CHN,2002,4.38285
CHN,2003,4.41763
CHN,2004,4.29347
CHN,2005,4.17605
CHN,2006,3.94742
CHN,2007,3.67491
CHN,2008,3.9
CHN,2009,4.34958
CHN,2010,4.23068
CHN,2011,4.34274
CHN,2012,4.56585
CHN,2013,4.71491
CHN,2014,4.77791
CHN,2015,4.93828
CHN,2016,4.97956
CHN,2017,5.06592
CHN,2018,5.1679
CHN,2019,5.35028
CHN,2020,5.5936
CHN,2021,5.38361
CHN,2022,5.36949
COL,2000,5.63529
COL,2001,5.94238
COL,2002,5.73297
COL,2003,5.77505
COL,2004,5.79892
COL,2005,6.06711
COL,2006,6.33547
COL,2007,6.49102
COL,2008,6.84192
COL,2009,7.31135
COL,2010,7.0713
COL,2011,6.78077
COL,2012,6.74602
COL,2013,7.01724
COL,2014,7.18553
COL,2015,7.52339
COL,2016,7.53117
COL,2017,7.67864
COL,2018,7.62541
COL,2019,7.77955
COL,2020,8.71432
COL,2021,9.01772
COL,2022,7.57361
COM,2000,7.52075
COM,2001,6.66054
COM,2002,6.68823
COM,2003,6.66025
COM,2004,6.58576
COM,2005,6.12671
COM,2006,5.77342
COM,2007,5.41754
COM,2008,5.06897
COM,2009,4.92694
COM,2010,4.99182
COM,2011,5.30212
COM,2012,5.17355
COM,2013,5.10299
COM,2014,5.2385
COM,2015,4.6009
COM,2016,4.65264
COM,2017,5.26807
COM,2018,4.90319
COM,2019,5.18044
COM,2020,5.90242
COM,2021,6.43369
COM,2022,8.38039
COG,2000,1.50501
COG,2001,2.1853
COG,2002,1.70168
COG,2003,1.91852
COG,2004,1.92152
COG,2005,1.71774
COG,2006,1.70861
COG,2007,1.902
COG,2008,2.23927
COG,2009,2.14222
COG,2010,1.85173
COG,2011,1.75237
COG,2012,1.90971
COG,2013,1.94347
COG,2014,1.97312
COG,2015,2.45668
COG,2016,2.59423
COG,2017,2.36476
COG,2018,1.75585
COG,2019,2.34771
COG,2020,4.01775
COG,2021,3.4934
COG,2022,2.19225
COK,2000,3.03594
COK,2001,3.25854
COK,2002,3.43605
COK,2003,3.20134
COK,2004,3.40954
COK,2005,3.90653
COK,2006,3.46896
COK,2007,4.21186
COK,2008,3.60124
COK,2009,3.61929
COK,2010,3.72605
COK,2011,3.65376
COK,2012,3.19375
COK,2013,3.518
COK,2014,3.72513
COK,2015,2.89496
COK,2016,3.21735
COK,2017,2.45219
COK,2018,2.66462
COK,2019,3.10784
COK,2020,5.83423
COK,2021,7.14872
COK,2022,5.74317
CRI,2000,6.56499
CRI,2001,6.4741
CRI,2002,6.86909
CRI,2003,6.96919
CRI,2004,6.63006
CRI,2005,6.6643
CRI,2006,6.93531
CRI,2007,6.99643
CRI,2008,7.46855
CRI,2009,7.86019
CRI,2010,8.02938
CRI,2011,8.12198
CRI,2012,7.78642
CRI,2013,7.68229
CRI,2014,7.66376
CRI,2015,7.59196
CRI,2016,7.31724
CRI,2017,7.04523
CRI,2018,7.28588
CRI,2019,7.22125
CRI,2020,7.82546
CRI,2021,7.6113
CRI,2022,7.18368
CIV,2000,4.00221
CIV,2001,3.98515
CIV,2002,3.92374
CIV,2003,3.95148
CIV,2004,4.02149
CIV,2005,3.96639
CIV,2006,3.92861
CIV,2007,4.1938
CIV,2008,4.13871
CIV,2009,4.63971
CIV,2010,4.57495
CIV,2011,4.39701
CIV,2012,4.42737
CIV,2013,3.71774
CIV,2014,3.73102
CIV,2015,3.21988
CIV,2016,3.32101
CIV,2017,3.24693
CIV,2018,3.09168
CIV,2019,3.18917
CIV,2020,3.62328
CIV,2021,3.76208
CIV,2022,3.64241
HRV,2000,7.65292
HRV,2001,7.17129
HRV,2002,6.14294
HRV,2003,6.29591
HRV,2004,6.50386
HRV,2005,6.83877
HRV,2006,6.90203
HRV,2007,7.38673
HRV,2008,7.63114
HRV,2009,8.06266
HRV,2010,7.96872
HRV,2011,7.64101
HRV,2012,7.65284
HRV,2013,6.40097
HRV,2014,6.57962
HRV,2015,6.6547
HRV,2016,6.68087
HRV,2017,6.612
HRV,2018,6.69267
HRV,2019,6.74317
HRV,2020,7.64949
HRV,2021,8.01352
HRV,2022,7.21545
CUB,2000,6.5819
CUB,2001,6.9821
CUB,2002,7.11482
CUB,2003,7.10295
CUB,2004,6.83179
CUB,2005,8.75525
CUB,2006,8.27191
CUB,2007,10.96749
CUB,2008,11.31423
CUB,2009,12.29054
CUB,2010,10.68808
CUB,2011,11.31299
CUB,2012,9.29941
CUB,2013,10.43099
CUB,2014,12.14122
CUB,2015,12.81404
CUB,2016,12.2177
CUB,2017,11.47202
CUB,2018,11.01842
CUB,2019,11.08501
CUB,2020,12.48642
CUB,2021,13.78728
CUB,2022,11.78683
CYP,2000,5.308
CYP,2001,5.3394
CYP,2002,5.61566
CYP,2003,5.63569
CYP,2004,5.40558
CYP,2005,5.43581
CYP,2006,5.46357
CYP,2007,5.35745
CYP,2008,6.01428
CYP,2009,6.46532
CYP,2010,6.50056
CYP,2011,6.43139
CYP,2012,6.53639
CYP,2013,6.92775
CYP,2014,6.93137
CYP,2015,6.79382
CYP,2016,6.65255
CYP,2017,6.62193
CYP,2018,6.826
CYP,2019,7.06577
CYP,2020,8.76034
CYP,2021,9.47552
CYP,2022,8.87061
CZE,2000,5.70103
CZE,2001,5.86295
CZE,2002,6.17736
CZE,2003,6.52412
CZE,2004,6.35071
CZE,2005,6.34087
CZE,2006,6.1638
CZE,2007,5.98578
CZE,2008,6.33025
CZE,2009,7.24881
CZE,2010,7.55344
CZE,2011,7.53358
CZE,2012,7.5941
CZE,2013,7.49542
CZE,2014,7.5951
CZE,2015,7.33515
CZE,2016,7.39305
CZE,2017,7.33911
CZE,2018,7.46031
CZE,2019,7.61343
CZE,2020,9.15722
CZE,2021,9.45247
CZE,2022,8.79905
COD,2000,1.46595
COD,2001,2.62311
COD,2002,2.57013
COD,2003,3.73353
COD,2004,4.33564
COD,2005,3.98558
COD,2006,4.06211
COD,2007,3.89385
COD,2008,4.31255
COD,2009,4.51133
COD,2010,3.72224
COD,2011,3.19436
COD,2012,3.2215
COD,2013,3.34058
COD,2014,3.72521
COD,2015,3.74785
COD,2016,4.20028
COD,2017,4.00058
COD,2018,3.24127
COD,2019,3.50804
COD,2020,3.97694
COD,2021,3.67749
COD,2022,3.78615
DNK,2000,8.10438
DNK,2001,8.44833
DNK,2002,8.70251
DNK,2003,8.90363
DNK,2004,9.00743
DNK,2005,9.09057
DNK,2006,9.1688
DNK,2007,9.32515
DNK,2008,9.51134
DNK,2009,10.67432
DNK,2010,10.60775
DNK,2011,10.40703
DNK,2012,10.52197
DNK,2013,10.32916
DNK,2014,10.30918
DNK,2015,10.34412
DNK,2016,10.25162
DNK,2017,10.09826
DNK,2018,10.09764
DNK,2019,10.15244
DNK,2020,10.71855
DNK,2021,10.74729
DNK,2022,9.47586
DJI,2000,3.39642
DJI,2001,3.19608
DJI,2002,3.75244
DJI,2003,4.27049
DJI,2004,3.53545
DJI,2005,3.80322
DJI,2006,4.21972
DJI,2007,4.05263
DJI,2008,3.61258
DJI,2009,3.63906
DJI,2010,3.357
DJI,2011,3.37388
DJI,2012,3.29731
DJI,2013,2.91782
DJI,2014,2.9593
DJI,2015,3.34758
DJI,2016,2.74166
DJI,2017,2.46857
DJI,2018,2.51872
DJI,2019,2.40641
DJI,2020,2.32228
DJI,2021,2.8867
DJI,2022,2.49675
DMA,2000,5.32374
DMA,2001,4.64502
DMA,2002,4.65311
DMA,2003,4.84618
DMA,2004,4.7452
DMA,2005,4.97773
DMA,2006,4.78092
DMA,2007,4.7911
DMA,2008,5.04969
DMA,2009,4.98329
DMA,2010,5.15712
DMA,2011,5.3345
DMA,2012,5.7951
DMA,2013,5.3475
DMA,2014,5.26142
DMA,2015,5.15942
DMA,2016,5.12308
DMA,2017,5.46245
DMA,2018,6.18496
DMA,2019,5.16904
DMA,2020,6.12651
DMA,2021,6.31661
DMA,2022,6.3197
DOM,2000,4.88427
DOM,2001,4.88183
DOM,2002,4.98649
DOM,2003,4.38888
DOM,2004,4.28774
DOM,2005,4.35391
DOM,2006,3.99365
DOM,2007,4.08935
DOM,2008,4.56146
DOM,2009,4.76338
DOM,2010,4.92355
DOM,2011,5.03798
DOM,2012,5.04898
DOM,2013,4.91598
DOM,2014,4.79757
DOM,2015,4.72217
DOM,2016,4.57663
DOM,2017,4.49337
DOM,2018,4.12602
DOM,2019,4.23949
DOM,2020,4.93967
DOM,2021,4.91808
DOM,2022,4.57255
TLS,2003,2.84187
TLS,2004,4.26104
TLS,2005,5.28045
TLS,2006,6.00192
TLS,2007,5.64793
TLS,2008,6.96564
TLS,2009,7.30932
TLS,2010,6.47059
TLS,2011,6.86541
TLS,2012,6.99215
TLS,2013,8.53238
TLS,2014,7.60484
TLS,2015,7.67217
TLS,2016,6.89625
TLS,2017,6.75753
TLS,2018,6.36953
TLS,2019,6.02679
TLS,2020,9.93865
TLS,2021,11.43106
TLS,2022,14.32455
,2000,4.55871
,2001,4.77877
,2002,5.06978
,2003,4.90913
,2004,4.85893
,2005,4.65178
,2006,4.68014
,2007,4.68345
,2008,4.62344
,2009,5.12549
,2010,4.71496
,2011,4.80029
,2012,4.7227
,2013,4.82727
,2014,4.9736
,2015,5.25473
,2016,5.46364
,2017,5.38051
,2018,5.34263
,2019,5.42654
,2020,5.81608
,2021,5.86347
,2022,5.56858
ECU,2000,3.48257
ECU,2001,3.97254
ECU,2002,4.72294
ECU,2003,5.70121
ECU,2004,5.79041
ECU,2005,5.76794
ECU,2006,5.84507
ECU,2007,5.55722
ECU,2008,5.52175
ECU,2009,6.03388
ECU,2010,6.34926
ECU,2011,6.6051
ECU,2012,6.8786
ECU,2013,6.77866
ECU,2014,6.76602
ECU,2015,7.76786
ECU,2016,7.58817
ECU,2017,7.52484
ECU,2018,7.83214
ECU,2019,7.80768
ECU,2020,8.65763
ECU,2021,8.20646
ECU,2022,7.53457
EGY,2000,4.92244
EGY,2001,5.4003
EGY,2002,5.51074
EGY,2003,5.22425
EGY,2004,4.85732
EGY,2005,4.92229
EGY,2006,4.8419
EGY,2007,4.44493
EGY,2008,4.46635
EGY,2009,4.37871
EGY,2010,4.15319
EGY,2011,4.35708
EGY,2012,4.45892
EGY,2013,4.671
EGY,2014,4.77415
EGY,2015,5.06153
EGY,2016,5.07462
EGY,2017,5.34662
EGY,2018,4.74893
EGY,2019,4.59947
EGY,2020,4.15385
EGY,2021,4.60955
EGY,2022,4.70438
SLV,2000,7.84343
SLV,2001,7.88605
SLV,2002,7.88566
SLV,2003,7.77182
SLV,2004,8.13022
SLV,2005,9.20058
SLV,2006,8.69339
SLV,2007,8.47836
SLV,2008,8.49586
SLV,2009,8.8375
SLV,2010,8.90416
SLV,2011,8.87645
SLV,2012,8.60625
SLV,2013,9.05236
SLV,2014,8.59894
SLV,2015,8.75833
SLV,2016,8.71456
SLV,2017,8.42287
SLV,2018,8.32275
SLV,2019,8.80846
SLV,2020,8.95105
SLV,2021,10.12669
SLV,2022,9.8408
GNQ,2000,1.1072
GNQ,2001,1.20301
GNQ,2002,2.74982
GNQ,2003,1.8275
GNQ,2004,1.45293
GNQ,2005,1.29643
GNQ,2006,1.29172
GNQ,2007,1.30166
GNQ,2008,1.11556
GNQ,2009,1.76791
GNQ,2010,1.62135
GNQ,2011,1.42924
GNQ,2012,1.51459
GNQ,2013,1.64174
GNQ,2014,1.75402
GNQ,2015,2.34058
GNQ,2016,2.85942
GNQ,2017,2.74714
GNQ,2018,2.85224
GNQ,2019,3.16781
GNQ,2020,3.99582
GNQ,2021,3.39468
GNQ,2022,2.9135
ERI,2000,5.7667
ERI,2001,5.91932
ERI,2002,6.68857
ERI,2003,7.33703
ERI,2004,7.00985
ERI,2005,6.86418
ERI,2006,6.85727
ERI,2007,5.27863
ERI,2008,6.57808
ERI,2009,5.42343
ERI,2010,4.81867
ERI,2011,5.16229
ERI,2012,3.74246
ERI,2013,4.96765
ERI,2014,3.91432
ERI,2015,4.50777
ERI,2016,3.73839
ERI,2017,4.15359
ERI,2018,4.24749
ERI,2019,4.64806
ERI,2020,4.31047
ERI,2021,4.17839
ERI,2022,3.87448
EST,2000,5.17029
EST,2001,4.7806
EST,2002,4.70329
EST,2003,5.13883
EST,2004,5.33759
EST,2005,5.29536
EST,2006,4.97391
EST,2007,5.18456
EST,2008,5.95725
EST,2009,6.84477
EST,2010,6.59434
EST,2011,6.07817
EST,2012,6.09507
EST,2013,6.28062
EST,2014,6.362
EST,2015,6.64135
EST,2016,6.70241
EST,2017,6.59727
EST,2018,6.69128
EST,2019,6.81699
EST,2020,7.57906
EST,2021,7.4786
EST,2022,6.98701
SWZ,2000,4.60952
SWZ,2001,5.13895
SWZ,2002,5.52298
SWZ,2003,6.37864
SWZ,2004,6.81432
SWZ,2005,7.37623
SWZ,2006,7.8256
SWZ,2007,7.93004
SWZ,2008,8.85793
SWZ,2009,8.63292
SWZ,2010,8.59126
SWZ,2011,8.46997
SWZ,2012,7.82048
SWZ,2013,7.45703
SWZ,2014,7.25597
SWZ,2015,7.05855
SWZ,2016,6.82045
SWZ,2017,6.98104
SWZ,2018,7.31938
SWZ,2019,8.40034
SWZ,2020,7.07604
SWZ,2021,7.38329
SWZ,2022,7.22266
ETH,2000,4.36505
ETH,2001,4.72317
ETH,2002,4.71263
ETH,2003,4.89971
ETH,2004,4.31282
ETH,2005,4.10098
ETH,2006,4.45757
ETH,2007,5.00128
ETH,2008,4.28064
ETH,2009,4.64966
ETH,2010,5.46637
ETH,2011,4.46898
ETH,2012,4.5396
ETH,2013,4.07507
ETH,2014,4.03366
ETH,2015,3.82317
ETH,2016,3.60034
ETH,2017,3.45337
ETH,2018,3.30372
ETH,2019,3.24287
ETH,2020,3.48096
ETH,2021,3.20754
ETH,2022,2.85275
,2000,6.3949
,2001,6.54879
,2002,6.81604
,2003,7.02315
,2004,7.07798
,2005,7.13436
,2006,7.04039
,2007,6.93072
,2008,7.1543
,2009,7.74797
,2010,7.68785
,2011,7.59793
,2012,7.70837
,2013,7.72009
,2014,7.67839
,2015,7.70155
,2016,7.71317
,2017,7.60119
,2018,7.56776
,2019,7.68532
,2020,8.611
,2021,8.6471
,2022,8.05569
FJI,2000,3.42441
FJI,2001,2.90547
FJI,2002,2.9835
FJI,2003,2.97298
FJI,2004,3.25769
FJI,2005,3.25657
FJI,2006,3.34798
FJI,2007,3.41515
FJI,2008,3.18467
FJI,2009,3.53588
FJI,2010,3.41664
FJI,2011,3.14294
FJI,2012,3.26555
FJI,2013,3.20041
FJI,2014,3.3686
FJI,2015,3.32469
FJI,2016,3.2798
FJI,2017,3.1869
FJI,2018,4.10573
FJI,2019,4.28229
FJI,2020,5.28987
FJI,2021,7.06085
FJI,2022,4.0091
FIN,2000,7.09253
FIN,2001,7.2509
FIN,2002,7.6277
FIN,2003,7.93805
FIN,2004,8.05913
FIN,2005,8.28796
FIN,2006,8.28412
FIN,2007,8.08359
FIN,2008,8.34311
FIN,2009,9.16122
FIN,2010,9.14203
FIN,2011,9.22303
FIN,2012,9.5858
FIN,2013,9.80535
FIN,2014,9.78115
FIN,2015,9.64524
FIN,2016,9.37796
FIN,2017,9.1267
FIN,2018,9.04514
FIN,2019,9.17143
FIN,2020,9.6325
FIN,2021,9.83458
FIN,2022,9.65892
FRA,2000,9.58448
FRA,2001,9.70563
FRA,2002,10.02219
FRA,2003,10.08283
FRA,2004,10.16429
FRA,2005,10.21484
FRA,2006,10.38566
FRA,2007,10.31564
FRA,2008,10.50085
FRA,2009,11.28756
FRA,2010,11.2256
FRA,2011,11.18498
FRA,2012,11.2974
FRA,2013,11.39591
FRA,2014,11.52531
FRA,2015,11.43985
FRA,2016,11.49049
FRA,2017,11.37064
FRA,2018,11.21034
FRA,2019,11.09938
FRA,2020,12.07227
FRA,2021,12.29229
FRA,2022,11.8819
GAB,2000,2.90125
GAB,2001,3.14839
GAB,2002,3.32413
GAB,2003,3.53188
GAB,2004,3.3298
GAB,2005,2.93181
GAB,2006,3.1427
GAB,2007,3.16226
GAB,2008,2.78923
GAB,2009,3.83494
GAB,2010,2.47557
GAB,2011,2.55772
GAB,2012,2.42098
GAB,2013,2.84087
GAB,2014,2.53282
GAB,2015,2.65744
GAB,2016,3.1077
GAB,2017,2.78069
GAB,2018,2.75235
GAB,2019,2.77686
GAB,2020,3.41718
GAB,2021,2.69024
GAB,2022,2.85592
GMB,2000,10.78533
GMB,2001,8.29926
GMB,2002,6.2326
GMB,2003,5.29709
GMB,2004,5.42
GMB,2005,5.38602
GMB,2006,5.43721
GMB,2007,4.95502
GMB,2008,4.65939
GMB,2009,4.46431
GMB,2010,4.11944
GMB,2011,4.36967
GMB,2012,4.26872
GMB,2013,3.91375
GMB,2014,3.05235
GMB,2015,3.17613
GMB,2016,3.19524
GMB,2017,3.35449
GMB,2018,3.23714
GMB,2019,3.14535
GMB,2020,3.72824
GMB,2021,3.19251
GMB,2022,3.55907
GEO,2000,7.19459
GEO,2001,7.16951
GEO,2002,7.81474
GEO,2003,8.02953
GEO,2004,8.08911
GEO,2005,8.07734
GEO,2006,7.63208
GEO,2007,7.43518
GEO,2008,8.44424
GEO,2009,9.56682
GEO,2010,8.93946
GEO,2011,7.82405
GEO,2012,7.85389
GEO,2013,7.7356
GEO,2014,7.75487
GEO,2015,7.29131
GEO,2016,7.83985
GEO,2017,6.95936
GEO,2018,6.9918
GEO,2019,6.59412
GEO,2020,8.3416
GEO,2021,8.31533
GEO,2022,7.2557
DEU,2000,9.88844
DEU,2001,9.92069
DEU,2002,10.18366
DEU,2003,10.40202
DEU,2004,10.14603
DEU,2005,10.31154
DEU,2006,10.17995
DEU,2007,10.05133
DEU,2008,10.25129
DEU,2009,11.23791
DEU,2010,11.09593
DEU,2011,10.77845
DEU,2012,10.85346
DEU,2013,10.99906
DEU,2014,11.02588
DEU,2015,11.19028
DEU,2016,11.24167
DEU,2017,11.32552
DEU,2018,11.47315
DEU,2019,11.71595
DEU,2020,12.69023
DEU,2021,12.90171
DEU,2022,12.60513
GHA,2000,1.78945
GHA,2001,2.00263
GHA,2002,2.0874
GHA,2003,2.29619
GHA,2004,2.53113
GHA,2005,3.50288
GHA,2006,3.92256
GHA,2007,3.96242
GHA,2008,3.95173
GHA,2009,4.40091
GHA,2010,4.73425
GHA,2011,4.46856
GHA,2012,3.91583
GHA,2013,4.59225
GHA,2014,4.01644
GHA,2015,4.54297
GHA,2016,3.39036
GHA,2017,2.68787
GHA,2018,2.43001
GHA,2019,3.2545
GHA,2020,4.43317
GHA,2021,3.86031
GHA,2022,3.69936
GRC,2000,7.24333
GRC,2001,7.98784
GRC,2002,8.23378
GRC,2003,8.44916
GRC,2004,8.0939
GRC,2005,8.56467
GRC,2006,8.25867
GRC,2007,8.39808
GRC,2008,8.82774
GRC,2009,9.40689
GRC,2010,9.59662
GRC,2011,9.1933
GRC,2012,8.92416
GRC,2013,8.43796
GRC,2014,7.89141
GRC,2015,8.22005
GRC,2016,8.44875
GRC,2017,8.13516
GRC,2018,8.12024
GRC,2019,8.19828
GRC,2020,9.52422
GRC,2021,9.18476
GRC,2022,8.49984
GRD,2000,5.35886
GRD,2001,5.62457
GRD,2002,6.1757
GRD,2003,5.28486
GRD,2004,5.36568
GRD,2005,5.1446
GRD,2006,5.11352
GRD,2007,5.23868
GRD,2008,5.3862
GRD,2009,5.43471
GRD,2010,5.41881
GRD,2011,5.80423
GRD,2012,5.82236
GRD,2013,5.62653
GRD,2014,4.77354
GRD,2015,4.64676
GRD,2016,4.4391
GRD,2017,4.65701
GRD,2018,4.58374
GRD,2019,4.9319
GRD,2020,5.32282
GRD,2021,5.34433
GRD,2022,4.94846
GTM,2000,5.39686
GTM,2001,6.07024
GTM,2002,6.01301
GTM,2003,6.15307
GTM,2004,6.26183
GTM,2005,6.14826
GTM,2006,6.36362
GTM,2007,6.19183
GTM,2008,6.0813
GTM,2009,6.33939
GTM,2010,6.12478
GTM,2011,5.96307
GTM,2012,6.07317
GTM,2013,5.77189
GTM,2014,5.88857
GTM,2015,6.00602
GTM,2016,6.07008
GTM,2017,6.13564
GTM,2018,6.10663
GTM,2019,6.17443
GTM,2020,6.45952
GTM,2021,6.9768
GTM,2022,7.44099
GIN,2000,4.74097
GIN,2001,4.88433
GIN,2002,5.35654
GIN,2003,4.77216
GIN,2004,4.77633
GIN,2005,4.03453
GIN,2006,3.61527
GIN,2007,3.48262
GIN,2008,3.26562
GIN,2009,3.58147
GIN,2010,3.42782
GIN,2011,3.78955
GIN,2012,3.50399
GIN,2013,3.46109
GIN,2014,4.78799
GIN,2015,5.80919
GIN,2016,5.39695
GIN,2017,3.91513
GIN,2018,3.73843
GIN,2019,4.08876
GIN,2020,3.90095
GIN,2021,3.71759
GIN,2022,3.95848
GNB,2000,4.18953
GNB,2001,4.53105
GNB,2002,3.96903
GNB,2003,3.53315
GNB,2004,4.27735
GNB,2005,4.55162
GNB,2006,5.08093
GNB,2007,5.03941
GNB,2008,5.45864
GNB,2009,4.73429
GNB,2010,5.26704
GNB,2011,6.21635
GNB,2012,5.94135
GNB,2013,7.03943
GNB,2014,9.96897
GNB,2015,8.13228
GNB,2016,8.32881
GNB,2017,7.0005
GNB,2018,7.28224
GNB,2019,7.17018
GNB,2020,9.02939
GNB,2021,8.16333
GNB,2022,8.11358
GUY,2000,3.18738
GUY,2001,3.05507
GUY,2002,3.19354
GUY,2003,3.26884
GUY,2004,3.4377
GUY,2005,3.7941
GUY,2006,3.93144
GUY,2007,4.28126
GUY,2008,4.20242
GUY,2009,4.35117
GUY,2010,4.21898
GUY,2011,4.17213
GUY,2012,3.70819
GUY,2013,3.80231
GUY,2014,3.94755
GUY,2015,4.02265
GUY,2016,4.01842
GUY,2017,4.31911
GUY,2018,4.90493
GUY,2019,4.90332
GUY,2020,5.41807
GUY,2021,4.9237
GUY,2022,3.00637
HTI,2000,3.99166
HTI,2001,3.75029
HTI,2002,3.4325
HTI,2003,3.53695
HTI,2004,3.42928
HTI,2005,3.30555
HTI,2006,3.48014
HTI,2007,3.64734
HTI,2008,3.75722
HTI,2009,3.50277
HTI,2010,4.54871
HTI,2011,5.91198
HTI,2012,5.56462
HTI,2013,4.10524
HTI,2014,4.52036
HTI,2015,5.07518
HTI,2016,4.80761
HTI,2017,3.81994
HTI,2018,4.3165
HTI,2019,3.91108
HTI,2020,3.22171
HTI,2021,3.44216
HTI,2022,3.20849
HND,2000,6.26818
HND,2001,5.92998
HND,2002,6.24458
HND,2003,6.89005
HND,2004,6.85484
HND,2005,7.50086
HND,2006,7.86319
HND,2007,8.08495
HND,2008,8.60363
HND,2009,8.99592
HND,2010,8.72536
HND,2011,8.79187
HND,2012,8.65655
HND,2013,8.47723
HND,2014,7.91456
HND,2015,7.48379
HND,2016,7.70945
HND,2017,7.00669
HND,2018,7.22821
HND,2019,7.28237
HND,2020,9.0351
HND,2021,9.16102
HND,2022,8.2821
HUN,2000,6.77804
HUN,2001,6.82615
HUN,2002,7.12102
HUN,2003,8.12085
HUN,2004,7.75806
HUN,2005,7.98451
HUN,2006,7.77806
HUN,2007,7.20393
HUN,2008,7.0884
HUN,2009,7.22222
HUN,2010,7.44858
HUN,2011,7.48131
HUN,2012,7.41063
HUN,2013,7.23441
HUN,2014,7.04666
HUN,2015,6.85402
HUN,2016,6.98777
HUN,2017,6.74387
HUN,2018,6.57988
HUN,2019,6.28167
HUN,2020,7.2876
HUN,2021,7.38329
HUN,2022,6.68982
ISL,2000,8.89924
ISL,2001,8.75266
ISL,2002,9.40382
ISL,2003,9.7293
ISL,2004,9.32854
ISL,2005,8.94695
ISL,2006,8.55709
ISL,2007,8.35359
ISL,2008,8.34371
ISL,2009,8.77518
ISL,2010,8.36173
ISL,2011,8.25499
ISL,2012,8.23091
ISL,2013,8.22651
ISL,2014,8.29044
ISL,2015,8.13122
ISL,2016,8.15569
ISL,2017,8.32431
ISL,2018,8.43818
ISL,2019,8.63996
ISL,2020,9.67781
ISL,2021,9.78697
ISL,2022,9.28594
IND,2000,4.10568
IND,2001,4.33754
IND,2002,4.31453
IND,2003,4.07878
IND,2004,4.02679
IND,2005,3.85508
IND,2006,3.66902
IND,2007,3.58104
IND,2008,3.58856
IND,2009,3.54638
IND,2010,3.33626
IND,2011,3.24634
IND,2012,3.32935
IND,2013,3.74944
IND,2014,3.61957
IND,2015,3.59566
IND,2016,3.5043
IND,2017,2.93598
IND,2018,2.85849
IND,2019,2.953
IND,2020,3.34146
IND,2021,3.34681
IND,2022,3.30588
IDN,2000,1.85298
IDN,2001,2.1185
IDN,2002,1.98063
IDN,2003,2.24837
IDN,2004,2.12002
IDN,2005,2.53189
IDN,2006,2.61946
IDN,2007,2.82386
IDN,2008,2.54842
IDN,2009,2.62324
IDN,2010,2.79088
IDN,2011,2.98942
IDN,2012,2.91427
IDN,2013,2.86935
IDN,2014,2.96434
IDN,2015,2.92429
IDN,2016,3.02147
IDN,2017,2.90417
IDN,2018,2.86758
IDN,2019,2.87863
IDN,2020,3.42067
IDN,2021,3.70635
IDN,2022,2.69395
IRN,2000,4.72251
IRN,2001,5.16087
IRN,2002,4.65182
IRN,2003,4.95589
IRN,2004,5.12801
IRN,2005,5.29996
IRN,2006,5.15991
IRN,2007,4.91188
IRN,2008,5.0399
IRN,2009,6.11493
IRN,2010,6.29153
IRN,2011,6.09788
IRN,2012,6.12235
IRN,2013,5.54722
IRN,2014,6.3524
IRN,2015,7.53312
IRN,2016,7.99203
IRN,2017,7.83455
IRN,2018,7.73915
IRN,2019,6.27399
IRN,2020,5.4015
IRN,2021,5.77014
IRN,2022,5.34889
IRQ,2003,2.99694
IRQ,2004,3.90129
IRQ,2005,3.01705
IRQ,2006,2.4937
IRQ,2007,3.21481
IRQ,2008,3.06604
IRQ,2009,3.77204
IRQ,2010,3.23955
IRQ,2011,2.80316
IRQ,2012,2.69366
IRQ,2013,2.80868
IRQ,2014,2.78787
IRQ,2015,3.15587
IRQ,2016,4.58949
IRQ,2017,4.04065
IRQ,2018,4.12989
IRQ,2019,4.28183
IRQ,2020,5.76473
IRQ,2021,5.25096
IRQ,2022,4.29332
IRL,2000,5.89903
IRL,2001,6.39249
IRL,2002,6.67263
IRL,2003,7.00761
IRL,2004,7.21973
IRL,2005,7.64243
IRL,2006,7.51647
IRL,2007,7.80774
IRL,2008,9.12565
IRL,2009,10.52276
IRL,2010,10.52404
IRL,2011,10.59872
IRL,2012,10.62189
IRL,2013,10.28716
IRL,2014,9.49472
IRL,2015,7.32119
IRL,2016,7.4819
IRL,2017,7.10796
IRL,2018,6.47943
IRL,2019,6.71555
IRL,2020,7.06343
IRL,2021,6.59614
IRL,2022,6.11979
ISR,2000,6.61731
ISR,2001,7.01818
ISR,2002,6.92268
ISR,2003,6.85544
ISR,2004,6.8006
ISR,2005,6.90325
ISR,2006,6.70972
ISR,2007,6.69537
ISR,2008,6.8283
ISR,2009,6.91637
ISR,2010,6.88818
ISR,2011,6.83919
ISR,2012,6.97649
ISR,2013,6.95815
ISR,2014,7.04531
ISR,2015,7.02218
ISR,2016,7.09563
ISR,2017,7.17606
ISR,2018,7.22799
ISR,2019,7.17439
ISR,2020,7.7012
ISR,2021,7.6713
ISR,2022,7.34162
ITA,2000,7.56666
ITA,2001,7.73769
ITA,2002,7.86694
ITA,2003,7.83298
ITA,2004,8.16549
ITA,2005,8.33932
ITA,2006,8.43673
ITA,2007,8.13616
ITA,2008,8.53282
ITA,2009,8.95162
ITA,2010,8.91602
ITA,2011,8.77407
ITA,2012,8.78353
ITA,2013,8.77544
ITA,2014,8.86792
ITA,2015,8.85689
ITA,2016,8.72533
ITA,2017,8.67774
ITA,2018,8.68188
ITA,2019,8.65634
ITA,2020,9.62486
ITA,2021,9.3439
ITA,2022,9.02753
JAM,2000,5.64463
JAM,2001,5.15653
JAM,2002,4.74544
JAM,2003,4.22014
JAM,2004,4.80435
JAM,2005,4.54582
JAM,2006,4.20788
JAM,2007,5.32058
JAM,2008,5.61143
JAM,2009,5.14654
JAM,2010,5.29519
JAM,2011,5.23845
JAM,2012,4.88513
JAM,2013,4.95443
JAM,2014,5.16564
JAM,2015,5.6247
JAM,2016,5.70102
JAM,2017,6.14859
JAM,2018,5.96799
JAM,2019,6.09761
JAM,2020,6.6258
JAM,2021,7.18521
JAM,2022,7.77706
JPN,2000,7.03456
JPN,2001,7.23948
JPN,2002,7.35235
JPN,2003,7.48655
JPN,2004,7.53518
JPN,2005,7.65819
JPN,2006,7.68689
JPN,2007,7.77936
JPN,2008,8.08909
JPN,2009,8.95878
JPN,2010,9.06301
JPN,2011,10.4878
JPN,2012,10.67169
JPN,2013,10.67439
JPN,2014,10.72901
JPN,2015,10.7497
JPN,2016,10.65892
JPN,2017,10.65627
JPN,2018,10.73988
JPN,2019,10.96998
JPN,2020,11.20904
JPN,2021,11.18997
JPN,2022,11.42184
JOR,2000,9.34368
JOR,2001,9.57236
JOR,2002,9.27864
JOR,2003,8.78901
JOR,2004,8.74671
JOR,2005,8.49442
JOR,2006,7.67926
JOR,2007,7.90983
JOR,2008,8.48881
JOR,2009,9.22397
JOR,2010,8.17026
JOR,2011,8.14808
JOR,2012,7.818
JOR,2013,7.16592
JOR,2014,7.20893
JOR,2015,7.46096
JOR,2016,6.97644
JOR,2017,7.10954
JOR,2018,6.98295
JOR,2019,7.07245
JOR,2020,7.11578
JOR,2021,7.20183
JOR,2022,6.8282
KAZ,2000,4.16032
KAZ,2001,3.47098
KAZ,2002,3.61481
KAZ,2003,3.72335
KAZ,2004,3.98308
KAZ,2005,3.90173
KAZ,2006,3.39825
KAZ,2007,2.70315
KAZ,2008,3.0257
KAZ,2009,3.47356
KAZ,2010,2.73641
KAZ,2011,2.60237
KAZ,2012,3.03726
KAZ,2013,2.66287
KAZ,2014,2.97468
KAZ,2015,3.04051
KAZ,2016,3.42236
KAZ,2017,3.05244
KAZ,2018,2.81786
KAZ,2019,2.78746
KAZ,2020,3.75301
KAZ,2021,3.92459
KAZ,2022,3.74027
KEN,2000,3.62447
KEN,2001,3.73997
KEN,2002,3.82154
KEN,2003,4.0336
KEN,2004,4.21154
KEN,2005,4.21736
KEN,2006,5.01338
KEN,2007,5.12352
KEN,2008,5.19044
KEN,2009,5.29173
KEN,2010,5.3885
KEN,2011,5.20213
KEN,2012,5.01806
KEN,2013,4.931
KEN,2014,4.91267
KEN,2015,4.7644
KEN,2016,4.75429
KEN,2017,3.98598
KEN,2018,4.09903
KEN,2019,4.36875
KEN,2020,4.49249
KEN,2021,4.56525
KEN,2022,4.32604
KIR,2000,7.7738
KIR,2001,11.90548
KIR,2002,11.44029
KIR,2003,10.05061
KIR,2004,12.17176
KIR,2005,11.36302
KIR,2006,11.30852
KIR,2007,10.94545
KIR,2008,13.51429
KIR,2009,12.73889
KIR,2010,8.76667
KIR,2011,7.98947
KIR,2012,7.95
KIR,2013,8.70813
KIR,2014,8.95496
KIR,2015,7.21569
KIR,2016,9.04265
KIR,2017,9.68424
KIR,2018,10.89694
KIR,2019,10.166
KIR,2020,13.53
KIR,2021,11.654
KIR,2022,10.49855
KWT,2000,2.20363
KWT,2001,3.1872
KWT,2002,3.12442
KWT,2003,2.76043
KWT,2004,2.35702
KWT,2005,2.01331
KWT,2006,1.82131
KWT,2007,1.92674
KWT,2008,1.924
KWT,2009,2.70639
KWT,2010,2.6788
KWT,2011,2.33304
KWT,2012,2.33311
KWT,2013,2.48789
KWT,2014,2.916
KWT,2015,4.21498
KWT,2016,4.73096
KWT,2017,4.65327
KWT,2018,5.18863
KWT,2019,5.26273
KWT,2020,6.23488
KWT,2021,5.50188
KWT,2022,4.26876
KGZ,2000,4.41415
KGZ,2001,4.27703
KGZ,2002,4.5922
KGZ,2003,5.82382
KGZ,2004,6.20281
KGZ,2005,7.45011
KGZ,2006,8.31184
KGZ,2007,6.93211
KGZ,2008,6.52512
KGZ,2009,6.89873
KGZ,2010,6.95027
KGZ,2011,7.10729
KGZ,2012,8.50966
KGZ,2013,8.18745
KGZ,2014,7.35766
KGZ,2015,7.14931
KGZ,2016,6.41248
KGZ,2017,6.18586
KGZ,2018,5.01031
KGZ,2019,4.25462
KGZ,2020,4.94804
KGZ,2021,5.35275
KGZ,2022,4.92259
LAO,2000,4.27514
LAO,2001,4.29032
LAO,2002,3.69751
LAO,2003,4.47921
LAO,2004,3.54057
LAO,2005,3.33673
LAO,2006,2.93201
LAO,2007,3.12986
LAO,2008,2.76727
LAO,2009,3.463
LAO,2010,2.91155
LAO,2011,1.94458
LAO,2012,2.07638
LAO,2013,2.39985
LAO,2014,2.29846
LAO,2015,2.45366
LAO,2016,2.36087
LAO,2017,2.52607
LAO,2018,2.2463
LAO,2019,2.60312
LAO,2020,2.05965
LAO,2021,2.74392
LAO,2022,2.01825
LVA,2000,5.43338
LVA,2001,5.77004
LVA,2002,5.76281
LVA,2003,5.47935
LVA,2004,6.20221
LVA,2005,5.83247
LVA,2006,5.70438
LVA,2007,5.5135
LVA,2008,5.58478
LVA,2009,6.09759
LVA,2010,6.09744
LVA,2011,5.72401
LVA,2012,5.41048
LVA,2013,5.40875
LVA,2014,5.4634
LVA,2015,5.65212
LVA,2016,6.13326
LVA,2017,5.96543
LVA,2018,6.18868
LVA,2019,6.63697
LVA,2020,7.28521
LVA,2021,9.10995
LVA,2022,7.62168
LBN,2000,10.82951
LBN,2001,10.56255
LBN,2002,9.28234
LBN,2003,8.6711
LBN,2004,7.99923
LBN,2005,7.54868
LBN,2006,8.66058
LBN,2007,8.55984
LBN,2008,7.81752
LBN,2009,7.00736
LBN,2010,7.43864
LBN,2011,8.17744
LBN,2012,7.0042
LBN,2013,7.06742
LBN,2014,7.52181
LBN,2015,7.41597
LBN,2016,7.92386
LBN,2017,7.80397
LBN,2018,8.07092
LBN,2019,8.69368
LBN,2020,7.57651
LBN,2021,4.85635
LBN,2022,5.735
LSO,2000,5.15633
LSO,2001,6.59076
LSO,2002,5.86442
LSO,2003,5.33755
LSO,2004,5.24659
LSO,2005,4.67453
LSO,2006,5.40532
LSO,2007,7.22252
LSO,2008,7.66648
LSO,2009,8.95298
LSO,2010,7.64084
LSO,2011,9.07555
LSO,2012,10.04389
LSO,2013,10.99587
LSO,2014,9.99925
LSO,2015,9.2966
LSO,2016,9.24264
LSO,2017,10.57478
LSO,2018,11.1686
LSO,2019,21.96987
LSO,2020,10.45941
LSO,2021,10.8137
LSO,2022,12.65128
LBR,2000,2.87913
LBR,2001,2.27907
LBR,2002,2.28036
LBR,2003,2.66177
LBR,2004,6.33816
LBR,2005,7.14322
LBR,2006,6.06892
LBR,2007,4.32794
LBR,2008,5.99616
LBR,2009,11.57164
LBR,2010,10.35445
LBR,2011,9.71053
LBR,2012,8.15445
LBR,2013,7.08146
LBR,2014,8.76284
LBR,2015,10.4595
LBR,2016,9.88515
LBR,2017,10.44922
LBR,2018,10.78197
LBR,2019,8.38326
LBR,2020,12.90504
LBR,2021,13.83844
LBR,2022,13.47386
LBY,2000,3.31909
LBY,2001,3.92572
LBY,2002,4.73818
LBY,2003,3.97301
LBY,2004,3.38328
LBY,2005,2.51707
LBY,2006,2.29996
LBY,2007,2.4193
LBY,2008,2.24442
LBY,2009,3.58288
LBY,2010,3.28064
LBY,2011,4.01902
LBY,2012,3.95612
LBY,2013,4.97549
LBY,2014,5.17778
LBY,2015,5.80639
LBY,2016,6.17179
LBY,2017,4.67685
LBY,2018,4.86648
LBY,2019,5.54773
LBY,2020,7.10674
LBY,2021,6.21384
LBY,2022,4.65006
LTU,2000,6.1995
LTU,2001,6.0134
LTU,2002,6.14446
LTU,2003,6.18628
LTU,2004,5.5115
LTU,2005,5.648
LTU,2006,5.84418
LTU,2007,5.76432
LTU,2008,6.29454
LTU,2009,7.36587
LTU,2010,6.81462
LTU,2011,6.48782
LTU,2012,6.27593
LTU,2013,6.12594
LTU,2014,6.19333
LTU,2015,6.49044
LTU,2016,6.63746
LTU,2017,6.44446
LTU,2018,6.53039
LTU,2019,6.98445
LTU,2020,7.4744
LTU,2021,7.7597
LTU,2022,7.24335
LUX,2000,5.92534
LUX,2001,6.38194
LUX,2002,6.761
LUX,2003,6.96221
LUX,2004,7.27934
LUX,2005,7.12328
LUX,2006,6.63642
LUX,2007,6.15803
LUX,2008,6.23101
LUX,2009,6.94993
LUX,2010,6.66263
LUX,2011,5.95225
LUX,2012,5.29404
LUX,2013,5.23557
LUX,2014,5.23041
LUX,2015,5.08114
LUX,2016,5.07104
LUX,2017,5.13535
LUX,2018,5.27989
LUX,2019,5.46496
LUX,2020,5.76488
LUX,2021,5.66066
LUX,2022,5.55155
MDG,2000,3.99178
MDG,2001,4.11514
MDG,2002,4.92548
MDG,2003,5.00277
MDG,2004,5.2509
MDG,2005,5.21558
MDG,2006,5.07204
MDG,2007,4.60866
MDG,2008,4.08112
MDG,2009,4.3847
MDG,2010,4.69763
MDG,2011,4.5216
MDG,2012,3.91106
MDG,2013,3.75156
MDG,2014,4.4624
MDG,2015,5.00625
MDG,2016,5.33249
MDG,2017,4.80226
MDG,2018,4.2216
MDG,2019,3.10129
MDG,2020,3.72316
MDG,2021,3.50452
MDG,2022,3.25023
MWI,2000,2.35248
MWI,2001,2.0604
MWI,2002,2.69726
MWI,2003,3.3202
MWI,2004,4.072
MWI,2005,4.30047
MWI,2006,4.91223
MWI,2007,5.44258
MWI,2008,6.10669
MWI,2009,5.87334
MWI,2010,5.14305
MWI,2011,5.32227
MWI,2012,6.022
MWI,2013,8.22379
MWI,2014,6.89776
MWI,2015,6.62879
MWI,2016,7.72704
MWI,2017,7.58439
MWI,2018,6.8825
MWI,2019,6.37022
MWI,2020,7.17979
MWI,2021,7.62816
MWI,2022,6.50024
MYS,2000,2.51463
MYS,2001,2.6754
MYS,2002,2.66877
MYS,2003,2.92417
MYS,2004,2.86017
MYS,2005,2.78693
MYS,2006,3.10898
MYS,2007,3.07041
MYS,2008,3.00693
MYS,2009,3.26106
MYS,2010,3.16474
MYS,2011,3.31452
MYS,2012,3.45786
MYS,2013,3.51277
MYS,2014,3.71037
MYS,2015,3.82201
MYS,2016,3.70085
MYS,2017,3.71472
MYS,2018,3.75944
MYS,2019,3.83991
MYS,2020,4.08254
MYS,2021,4.37382
MYS,2022,3.90592
MDV,2000,7.73656
MDV,2001,8.21365
MDV,2002,8.7844
MDV,2003,6.77858
MDV,2004,7.48357
MDV,2005,8.82753
MDV,2006,8.04819
MDV,2007,8.30568
MDV,2008,11.47104
MDV,2009,10.09288
MDV,2010,8.48759
MDV,2011,7.92252
MDV,2012,8.67305
MDV,2013,8.15509
MDV,2014,7.91345
MDV,2015,8.72546
MDV,2016,10.30545
MDV,2017,9.26918
MDV,2018,7.43628
MDV,2019,7.65846
MDV,2020,11.3366
MDV,2021,10.09612
MDV,2022,9.65276
MLI,2000,5.46632
MLI,2001,4.51951
MLI,2002,4.99774
MLI,2003,5.0506
MLI,2004,5.21768
MLI,2005,5.19517
MLI,2006,5.45589
MLI,2007,5.25303
MLI,2008,5.02687
MLI,2009,5.21224
MLI,2010,4.67865
MLI,2011,4.01484
MLI,2012,3.75216
MLI,2013,3.96751
MLI,2014,4.48158
MLI,2015,4.11143
MLI,2016,3.77378
MLI,2017,3.67426
MLI,2018,3.7325
MLI,2019,3.82944
MLI,2020,3.47598
MLI,2021,3.4665
MLI,2022,3.67285
MLT,2000,6.57309
MLT,2001,6.99986
MLT,2002,7.70662
MLT,2003,7.89556
MLT,2004,8.04821
MLT,2005,8.66397
MLT,2006,8.80992
MLT,2007,8.16883
MLT,2008,7.86336
MLT,2009,7.92383
MLT,2010,7.95211
MLT,2011,8.44814
MLT,2012,8.37803
MLT,2013,8.49666
MLT,2014,9.08505
MLT,2015,8.8976
MLT,2016,8.96601
MLT,2017,8.73093
MLT,2018,8.50738
MLT,2019,9.07641
MLT,2020,10.60138
MLT,2021,10.36362
MLT,2022,9.52377
MHL,2000,13.52468
MHL,2001,11.28137
MHL,2002,12.06635
MHL,2003,13.33243
MHL,2004,14.15128
MHL,2005,18.45293
MHL,2006,22.29855
MHL,2007,16.82522
MHL,2008,19.10963
MHL,2009,18.72929
MHL,2010,17.84438
MHL,2011,11.35905
MHL,2012,11.72633
MHL,2013,12.13685
MHL,2014,12.11
MHL,2015,14.86288
MHL,2016,14.70094
MHL,2017,12.08144
MHL,2018,14.5333
MHL,2019,15.05456
MHL,2020,12.17444
MHL,2021,12.54099
MHL,2022,11.73604
MRT,2000,3.37825
MRT,2001,3.57184
MRT,2002,4.00225
MRT,2003,4.03255
MRT,2004,3.70429
MRT,2005,3.40313
MRT,2006,2.70253
MRT,2007,2.87644
MRT,2008,3.01339
MRT,2009,3.11034
MRT,2010,2.63619
MRT,2011,2.47384
MRT,2012,2.64919
MRT,2013,2.868
MRT,2014,3.46724
MRT,2015,3.67364
MRT,2016,3.187
MRT,2017,3.41948
MRT,2018,2.88363
MRT,2019,3.09177
MRT,2020,3.00148
MRT,2021,3.78023
MRT,2022,4.4839
MUS,2000,2.85735
MUS,2001,2.92152
MUS,2002,3.18897
MUS,2003,3.18202
MUS,2004,3.31653
MUS,2005,3.51794
MUS,2006,3.60574
MUS,2007,3.52322
MUS,2008,3.93897
MUS,2009,4.17036
MUS,2010,4.51898
MUS,2011,4.2506
MUS,2012,4.21993
MUS,2013,4.62082
MUS,2014,5.38025
MUS,2015,5.55042
MUS,2016,5.5429
MUS,2017,5.59857
MUS,2018,5.6031
MUS,2019,5.69508
MUS,2020,6.09606
MUS,2021,6.61608
MUS,2022,5.82382
MEX,2000,4.24437
MEX,2001,4.58201
MEX,2002,4.83043
MEX,2003,5.53979
MEX,2004,5.6835
MEX,2005,5.5811
MEX,2006,5.40648
MEX,2007,5.50668
MEX,2008,5.44587
MEX,2009,5.84786
MEX,2010,5.48973
MEX,2011,5.30093
MEX,2012,5.4214
MEX,2013,5.57733
MEX,2014,5.35337
MEX,2015,5.52739
MEX,2016,5.38499
MEX,2017,5.31179
MEX,2018,5.23821
MEX,2019,5.29686
MEX,2020,6.05374
MEX,2021,5.89244
MEX,2022,5.72145
FSM,2000,7.8664
FSM,2001,8.63168
FSM,2002,8.02993
FSM,2003,9.73037
FSM,2004,12.23101
FSM,2005,18.02141
FSM,2006,17.9638
FSM,2007,17.86092
FSM,2008,18.93289
FSM,2009,19.33614
FSM,2010,21.48779
FSM,2011,13.31436
FSM,2012,12.42914
FSM,2013,12.25674
FSM,2014,11.9103
FSM,2015,12.70485
FSM,2016,13.41605
FSM,2017,12.46886
FSM,2018,11.96552
FSM,2019,11.89308
FSM,2020,12.01538
FSM,2021,11.41322
FSM,2022,10.3447
MDA,2000,5.92687
MDA,2001,6.2345
MDA,2002,7.40438
MDA,2003,7.02228
MDA,2004,8.97115
MDA,2005,9.55815
MDA,2006,10.54445
MDA,2007,11.02067
MDA,2008,10.9492
MDA,2009,13.67662
MDA,2010,10.13113
MDA,2011,9.0967
MDA,2012,9.13962
MDA,2013,8.683
MDA,2014,8.63276
MDA,2015,8.55764
MDA,2016,7.53552
MDA,2017,7.1278
MDA,2018,6.7076
MDA,2019,6.49662
MDA,2020,7.00484
MDA,2021,7.74904
MDA,2022,6.96505
MCO,2000,3.69518
MCO,2001,3.75391
MCO,2002,3.8086
MCO,2003,4.43206
MCO,2004,4.52467
MCO,2005,4.5032
MCO,2006,4.29525
MCO,2007,3.81156
MCO,2008,4.08358
MCO,2009,4.84196
MCO,2010,4.95792
MCO,2011,4.63501
MCO,2012,4.75585
MCO,2013,4.57342
MCO,2014,4.44085
MCO,2015,4.31545
MCO,2016,4.12467
MCO,2017,4.15852
MCO,2018,4.04578
MCO,2019,3.87727
MCO,2020,4.2793
MCO,2021,3.67252
MCO,2022,3.3978
MNG,2000,6.07605
MNG,2001,5.4424
MNG,2002,5.49191
MNG,2003,4.29769
MNG,2004,4.30204
MNG,2005,3.86456
MNG,2006,3.74972
MNG,2007,4.07523
MNG,2008,4.55693
MNG,2009,4.4598
MNG,2010,3.73946
MNG,2011,3.58612
MNG,2012,3.858
MNG,2013,4.08932
MNG,2014,4.2099
MNG,2015,4.23155
MNG,2016,4.58009
MNG,2017,4.33954
MNG,2018,4.53449
MNG,2019,4.49498
MNG,2020,4.66625
MNG,2021,7.21043
MNG,2022,8.8517
MNE,2011,7.96692
MNE,2012,8.2955
MNE,2013,8.47145
MNE,2014,8.00087
MNE,2015,9.02189
MNE,2016,8.63303
MNE,2017,7.98255
MNE,2018,8.34356
MNE,2019,8.32983
MNE,2020,11.42178
MNE,2021,10.55254
MNE,2022,10.92242
MAR,2000,3.69305
MAR,2001,3.81601
MAR,2002,4.06118
MAR,2003,4.08038
MAR,2004,4.23211
MAR,2005,4.37351
MAR,2006,4.56587
MAR,2007,4.80759
MAR,2008,4.83789
MAR,2009,5.27312
MAR,2010,5.41861
MAR,2011,5.37019
MAR,2012,5.39619
MAR,2013,5.25541
MAR,2014,5.41627
MAR,2015,5.10436
MAR,2016,5.09203
MAR,2017,4.9892
MAR,2018,4.94517
MAR,2019,4.99531
MAR,2020,5.59079
MAR,2021,5.52272
MAR,2022,5.68049
MOZ,2000,2.14253
MOZ,2001,2.80098
MOZ,2002,3.18653
MOZ,2003,3.25095
MOZ,2004,3.53063
MOZ,2005,4.21436
MOZ,2006,3.94559
MOZ,2007,3.79956
MOZ,2008,4.13497
MOZ,2009,5.05562
MOZ,2010,5.2925
MOZ,2011,4.92176
MOZ,2012,5.14036
MOZ,2013,6.04556
MOZ,2014,6.24013
MOZ,2015,6.60973
MOZ,2016,7.21502
MOZ,2017,7.80532
MOZ,2018,7.97903
MOZ,2019,7.90207
MOZ,2020,7.54172
MOZ,2021,8.86982
MOZ,2022,8.77718
MMR,2000,2.12591
MMR,2001,2.28926
MMR,2002,2.74706
MMR,2003,2.53689
MMR,2004,2.46973
MMR,2005,2.48262
MMR,2006,2.39884
MMR,2007,2.15582
MMR,2008,2.24655
MMR,2009,2.30063
MMR,2010,2.08368
MMR,2011,2.06552
MMR,2012,2.57933
MMR,2013,3.2941
MMR,2014,4.39346
MMR,2015,5.47781
MMR,2016,5.1135
MMR,2017,5.08066
MMR,2018,4.89992
MMR,2019,4.07903
MMR,2020,4.38808
MMR,2021,5.83599
MMR,2022,5.20476
NAM,2000,9.24
NAM,2001,9.64409
NAM,2002,9.68075
NAM,2003,9.91341
NAM,2004,10.12623
NAM,2005,10.08442
NAM,2006,10.57087
NAM,2007,10.71633
NAM,2008,9.91801
NAM,2009,9.04967
NAM,2010,9.72781
NAM,2011,9.83193
NAM,2012,9.26659
NAM,2013,9.06449
NAM,2014,8.40891
NAM,2015,9.9811
NAM,2016,9.32232
NAM,2017,8.72574
NAM,2018,8.2861
NAM,2019,8.39904
NAM,2020,8.88723
NAM,2021,9.33766
NAM,2022,9.29636
NRU,2000,18.96671
NRU,2001,16.2233
NRU,2002,13.80812
NRU,2003,9.97444
NRU,2004,6.8789
NRU,2005,10.82082
NRU,2006,12.41761
NRU,2007,24.23069
NRU,2008,23.00409
NRU,2009,12.31576
NRU,2010,12.6964
NRU,2011,9.97124
NRU,2012,8.84149
NRU,2013,9.8501
NRU,2014,8.38676
NRU,2015,14.00562
NRU,2016,10.9906
NRU,2017,11.48864
NRU,2018,11.1024
NRU,2019,11.56156
NRU,2020,11.5565
NRU,2021,12.00061
NRU,2022,18.17031
NPL,2000,3.13292
NPL,2001,3.8123
NPL,2002,3.93863
NPL,2003,3.85607
NPL,2004,4.0463
NPL,2005,3.95095
NPL,2006,3.54402
NPL,2007,3.67297
NPL,2008,3.81756
NPL,2009,3.9018
NPL,2010,4.36132
NPL,2011,4.4522
NPL,2012,4.49079
NPL,2013,4.63013
NPL,2014,5.07549
NPL,2015,5.46616
NPL,2016,5.42379
NPL,2017,4.72171
NPL,2018,4.52808
NPL,2019,4.44525
NPL,2020,5.2081
NPL,2021,5.32333
NPL,2022,6.65589
NLD,2000,7.70696
NLD,2001,8.05946
NLD,2002,8.64913
NLD,2003,9.05657
NLD,2004,9.11076
NLD,2005,9.09667
NLD,2006,9.08055
NLD,2007,9.05293
NLD,2008,9.2766
NLD,2009,9.99293
NLD,2010,10.15509
NLD,2011,10.23358
NLD,2012,10.53899
NLD,2013,10.58364
NLD,2014,10.56704
NLD,2015,10.32394
NLD,2016,10.0568
NLD,2017,10.1083
NLD,2018,10.01994
NLD,2019,10.1404
NLD,2020,11.22356
NLD,2021,11.12491
NLD,2022,10.10068
NZL,2000,7.47002
NZL,2001,7.57894
NZL,2002,7.90046
NZL,2003,7.72169
NZL,2004,7.90091
NZL,2005,8.27335
NZL,2006,8.63842
NZL,2007,8.32904
NZL,2008,9.12383
NZL,2009,9.62076
NZL,2010,9.59278
NZL,2011,9.51987
NZL,2012,9.65164
NZL,2013,9.36019
NZL,2014,9.40168
NZL,2015,9.28344
NZL,2016,9.24379
NZL,2017,8.96988
NZL,2018,9.03811
NZL,2019,9.50997
NZL,2020,10.05994
NZL,2021,10.0194
NZL,2022,10.02858
NIC,2000,5.23884
NIC,2001,5.4846
NIC,2002,5.73316
NIC,2003,6.08318
NIC,2004,6.0574
NIC,2005,6.22469
NIC,2006,6.35756
NIC,2007,6.95643
NIC,2008,7.16701
NIC,2009,7.68584
NIC,2010,7.71019
NIC,2011,7.44982
NIC,2012,7.48837
NIC,2013,7.63869
NIC,2014,7.97716
NIC,2015,7.96303
NIC,2016,8.04878
NIC,2017,8.32754
NIC,2018,8.49935
NIC,2019,8.50037
NIC,2020,8.58996
NIC,2021,9.5925
NIC,2022,8.95365
NER,2000,4.69006
NER,2001,4.75815
NER,2002,4.85897
NER,2003,4.77954
NER,2004,5.01119
NER,2005,5.67638
NER,2006,5.80891
NER,2007,5.38839
NER,2008,5.22304
NER,2009,5.33017
NER,2010,5.02161
NER,2011,4.87324
NER,2012,4.30733
NER,2013,4.46636
NER,2014,4.45377
NER,2015,5.34746
NER,2016,4.53239
NER,2017,5.5761
NER,2018,5.30311
NER,2019,5.66642
NER,2020,6.17008
NER,2021,5.81453
NER,2022,4.3526
NGA,2000,3.19738
NGA,2001,3.18947
NGA,2002,2.49064
NGA,2003,5.05361
NGA,2004,4.63368
NGA,2005,4.46592
NGA,2006,4.25775
NGA,2007,3.90997
NGA,2008,3.69582
NGA,2009,3.5802
NGA,2010,3.29653
NGA,2011,3.32078
NGA,2012,3.35984
NGA,2013,3.42069
NGA,2014,3.3484
NGA,2015,3.58195
NGA,2016,3.64774
NGA,2017,3.74763
NGA,2018,3.09069
NGA,2019,2.98547
NGA,2020,3.38063
NGA,2021,4.07626
NGA,2022,4.2709
NIU,2000,7.92566
NIU,2001,38.13646
NIU,2002,11.11293
NIU,2003,9.52666
NIU,2004,17.34155
NIU,2005,11.65405
NIU,2006,79.73293
NIU,2007,16.03421
NIU,2008,25.74439
NIU,2009,31.05099
NIU,2010,13.11418
NIU,2011,20.5048
NIU,2012,9.25663
NIU,2013,9.88617
NIU,2014,10.93091
NIU,2015,8.63624
NIU,2016,7.62228
NIU,2017,8.51659
NIU,2018,7.96713
NIU,2019,7.23629
NIU,2020,9.13783
NIU,2021,15.08219
NIU,2022,18.28817
MKD,2000,8.86992
MKD,2001,8.38159
MKD,2002,8.97827
MKD,2003,9.00858
MKD,2004,8.46505
MKD,2005,7.67908
MKD,2006,7.38315
MKD,2007,6.57065
MKD,2008,6.55318
MKD,2009,6.52846
MKD,2010,6.7137
MKD,2011,6.51887
MKD,2012,6.61468
MKD,2013,6.71928
MKD,2014,6.28993
MKD,2015,6.34228
MKD,2016,6.37943
MKD,2017,6.43909
MKD,2018,6.45699
MKD,2019,7.06654
MKD,2020,7.73212
MKD,2021,8.52403
MKD,2022,7.62041
NOR,2000,7.70271
NOR,2001,8.00972
NOR,2002,8.98267
NOR,2003,9.19355
NOR,2004,8.79598
NOR,2005,8.299
NOR,2006,7.8823
NOR,2007,8.01674
NOR,2008,7.91508
NOR,2009,9.03254
NOR,2010,8.85812
NOR,2011,8.73474
NOR,2012,8.72189
NOR,2013,8.87431
NOR,2014,9.28298
NOR,2015,10.06992
NOR,2016,10.5305
NOR,2017,10.22984
NOR,2018,9.96038
NOR,2019,10.43808
NOR,2020,11.42416
NOR,2021,9.81426
NOR,2022,7.94803
OMN,2000,2.68485
OMN,2001,2.70074
OMN,2002,2.77737
OMN,2003,2.77524
OMN,2004,2.5966
OMN,2005,2.26479
OMN,2006,2.01985
OMN,2007,2.11371
OMN,2008,1.75568
OMN,2009,2.46946
OMN,2010,2.47589
OMN,2011,2.23611
OMN,2012,2.27703
OMN,2013,2.5054
OMN,2014,3.1374
OMN,2015,4.07826
OMN,2016,4.17581
OMN,2017,3.95419
OMN,2018,3.21469
OMN,2019,3.80649
OMN,2020,5.11923
OMN,2021,4.37028
OMN,2022,2.91622
PAK,2000,2.48079
PAK,2001,2.3396
PAK,2002,2.4222
PAK,2003,2.10399
PAK,2004,2.03666
PAK,2005,2.37324
PAK,2006,2.73132
PAK,2007,2.62371
PAK,2008,2.56807
PAK,2009,2.49996
PAK,2010,2.42968
PAK,2011,2.23121
PAK,2012,2.22185
PAK,2013,2.41648
PAK,2014,2.48899
PAK,2015,2.49493
PAK,2016,2.57026
PAK,2017,2.7863
PAK,2018,2.82845
PAK,2019,2.84737
PAK,2020,2.95273
PAK,2021,2.99016
PAK,2022,2.90434
PLW,2000,8.63729
PLW,2001,7.79659
PLW,2002,7.28691
PLW,2003,8.09579
PLW,2004,9.1348
PLW,2005,8.63174
PLW,2006,8.73999
PLW,2007,8.8371
PLW,2008,8.41378
PLW,2009,9.63057
PLW,2010,10.931
PLW,2011,9.94321
PLW,2012,10.24609
PLW,2013,10.92692
PLW,2014,10.66757
PLW,2015,9.76325
PLW,2016,10.01227
PLW,2017,10.90419
PLW,2018,11.06327
PLW,2019,12.14719
PLW,2020,13.3373
PLW,2021,14.62714
PLW,2022,14.28556
PSE,2000,9.46541
PSE,2001,10.31546
PSE,2002,11.04674
PSE,2003,9.55897
PSE,2004,11.37929
PSE,2005,10.99557
PSE,2006,10.5024
PSE,2007,9.58784
PSE,2008,10.5261
PSE,2009,10.76468
PSE,2010,9.10499
PSE,2011,11.34622
PSE,2012,10.3011
PSE,2013,10.44874
PSE,2014,9.92016
PSE,2015,9.28473
PSE,2016,9.00399
PSE,2017,9.12235
PSE,2018,9.65618
PSE,2019,9.18577
PSE,2020,10.2761
PSE,2021,10.43474
PSE,2022,9.73336
PAN,2000,6.98487
PAN,2001,6.9185
PAN,2002,7.05644
PAN,2003,6.71177
PAN,2004,7.08193
PAN,2005,6.20667
PAN,2006,6.54605
PAN,2007,7.35228
PAN,2008,6.80453
PAN,2009,6.9858
PAN,2010,7.22333
PAN,2011,6.83196
PAN,2012,6.50451
PAN,2013,6.5221
PAN,2014,6.91532
PAN,2015,6.93699
PAN,2016,7.09378
PAN,2017,7.16493
PAN,2018,7.60133
PAN,2019,8.13542
PAN,2020,10.2163
PAN,2021,9.13571
PAN,2022,8.46561
PNG,2000,2.01842
PNG,2001,2.30064
PNG,2002,2.77563
PNG,2003,2.45315
PNG,2004,2.59373
PNG,2005,2.44874
PNG,2006,2.426
PNG,2007,2.42102
PNG,2008,2.13526
PNG,2009,2.32938
PNG,2010,2.10756
PNG,2011,2.29398
PNG,2012,2.66694
PNG,2013,2.99728
PNG,2014,3.27119
PNG,2015,1.81882
PNG,2016,2.33063
PNG,2017,2.22971
PNG,2018,2.30052
PNG,2019,2.32534
PNG,2020,2.30194
PNG,2021,2.33995
PNG,2022,2.61825
PRY,2000,6.01865
PRY,2001,5.60816
PRY,2002,4.75771
PRY,2003,4.90704
PRY,2004,4.93224
PRY,2005,4.82935
PRY,2006,5.01928
PRY,2007,5.02043
PRY,2008,5.03776
PRY,2009,5.52497
PRY,2010,5.46594
PRY,2011,5.82226
PRY,2012,6.53145
PRY,2013,6.06428
PRY,2014,6.62719
PRY,2015,6.69166
PRY,2016,6.67557
PRY,2017,6.60903
PRY,2018,6.74498
PRY,2019,7.16082
PRY,2020,7.67533
PRY,2021,8.03277
PRY,2022,7.73804
PER,2000,4.41483
PER,2001,4.72161
PER,2002,4.93903
PER,2003,4.58704
PER,2004,4.42972
PER,2005,4.66599
PER,2006,4.40959
PER,2007,4.42611
PER,2008,4.53155
PER,2009,4.96265
PER,2010,4.71339
PER,2011,4.5338
PER,2012,4.7344
PER,2013,4.72346
PER,2014,4.93103
PER,2015,4.92147
PER,2016,4.91142
PER,2017,4.82783
PER,2018,5.09981
PER,2019,5.13816
PER,2020,6.36274
PER,2021,6.67921
PER,2022,6.09309
PHL,2000,3.05512
PHL,2001,2.84776
PHL,2002,2.63767
PHL,2003,3.07663
PHL,2004,3.04685
PHL,2005,3.74253
PHL,2006,3.77763
PHL,2007,3.75318
PHL,2008,3.86316
PHL,2009,4.16452
PHL,2010,4.13108
PHL,2011,4.02519
PHL,2012,4.17709
PHL,2013,4.27409
PHL,2014,3.70314
PHL,2015,3.89827
PHL,2016,3.95484
PHL,2017,3.96043
PHL,2018,3.95382
PHL,2019,4.16646
PHL,2020,5.16214
PHL,2021,5.97501
PHL,2022,5.15676
POL,2000,5.2879
POL,2001,5.66721
POL,2002,6.06724
POL,2003,5.95371
POL,2004,5.86845
POL,2005,5.80689
POL,2006,5.80281
POL,2007,5.87339
POL,2008,6.37592
POL,2009,6.58771
POL,2010,6.46801
POL,2011,6.28672
POL,2012,6.26524
POL,2013,6.48017
POL,2014,6.4268
POL,2015,6.40416
POL,2016,6.5921
POL,2017,6.58343
POL,2018,6.31291
POL,2019,6.46008
POL,2020,6.49678
POL,2021,6.43858
POL,2022,6.39626
PRT,2000,8.60104
PRT,2001,8.62752
PRT,2002,8.78643
PRT,2003,9.12416
PRT,2004,9.53251
PRT,2005,9.65307
PRT,2006,9.35423
PRT,2007,9.25187
PRT,2008,9.58308
PRT,2009,10.1307
PRT,2010,10.03251
PRT,2011,9.73072
PRT,2012,9.65393
PRT,2013,9.40487
PRT,2014,9.34288
PRT,2015,9.31646
PRT,2016,9.39439
PRT,2017,9.30584
PRT,2018,9.41265
PRT,2019,9.5138
PRT,2020,10.5477
PRT,2021,11.12368
PRT,2022,10.46883
QAT,2000,1.97258
QAT,2001,2.31971
QAT,2002,2.46044
QAT,2003,3.50257
QAT,2004,3.18312
QAT,2005,2.563
QAT,2006,2.28806
QAT,2007,2.07008
QAT,2008,1.63775
QAT,2009,2.38356
QAT,2010,1.87018
QAT,2011,1.59996
QAT,2012,1.74822
QAT,2013,2.0762
QAT,2014,2.42294
QAT,2015,3.63581
QAT,2016,3.54971
QAT,2017,3.21237
QAT,2018,2.96176
QAT,2019,3.18469
QAT,2020,3.81872
QAT,2021,2.89279
QAT,2022,2.18112
ROU,2000,4.20876
ROU,2001,4.37598
ROU,2002,4.57695
ROU,2003,5.37137
ROU,2004,5.47734
ROU,2005,5.52778
ROU,2006,5.07106
ROU,2007,5.02223
ROU,2008,5.02274
ROU,2009,5.27841
ROU,2010,5.63999
ROU,2011,4.47528
ROU,2012,4.509
ROU,2013,5.22433
ROU,2014,5.0279
ROU,2015,4.94296
ROU,2016,5.08021
ROU,2017,5.18879
ROU,2018,5.51801
ROU,2019,5.71421
ROU,2020,6.22618
ROU,2021,6.46981
ROU,2022,5.74901
RUS,2000,5.0199
RUS,2001,5.24285
RUS,2002,5.52167
RUS,2003,5.16369
RUS,2004,4.76038
RUS,2005,4.77177
RUS,2006,4.76654
RUS,2007,4.74793
RUS,2008,4.90364
RUS,2009,5.64392
RUS,2010,4.97112
RUS,2011,4.79491
RUS,2012,4.93638
RUS,2013,5.08105
RUS,2014,5.1821
RUS,2015,5.29604
RUS,2016,5.2897
RUS,2017,5.3589
RUS,2018,5.35521
RUS,2019,5.64849
RUS,2020,8.04076
RUS,2021,6.97584
RUS,2022,6.91986
RWA,2000,3.57583
RWA,2001,3.316
RWA,2002,3.12787
RWA,2003,6.92889
RWA,2004,7.50857
RWA,2005,7.72469
RWA,2006,7.60938
RWA,2007,7.86269
RWA,2008,7.55979
RWA,2009,7.79959
RWA,2010,8.08193
RWA,2011,7.93242
RWA,2012,8.10223
RWA,2013,6.77398
RWA,2014,6.98472
RWA,2015,6.65067
RWA,2016,6.96089
RWA,2017,6.36653
RWA,2018,6.65483
RWA,2019,6.26709
RWA,2020,7.48697
RWA,2021,7.30378
RWA,2022,7.87921
KNA,2000,4.79934
KNA,2001,4.39694
KNA,2002,4.45211
KNA,2003,4.7516
KNA,2004,4.49067
KNA,2005,4.72804
KNA,2006,4.98203
KNA,2007,4.79733
KNA,2008,5.30566
KNA,2009,5.28674
KNA,2010,5.21369
KNA,2011,5.16289
KNA,2012,5.01448
KNA,2013,5.04857
KNA,2014,4.75038
KNA,2015,5.12591
KNA,2016,5.42923
KNA,2017,5.27126
KNA,2018,4.89537
KNA,2019,5.19051
KNA,2020,5.66189
KNA,2021,6.17942
KNA,2022,5.56802
LCA,2000,4.8655
LCA,2001,5.12139
LCA,2002,5.38887
LCA,2003,5.2407
LCA,2004,4.76761
LCA,2005,4.8604
LCA,2006,5.12702
LCA,2007,5.54167
LCA,2008,5.09062
LCA,2009,5.24411
LCA,2010,5.1209
LCA,2011,5.07878
LCA,2012,4.92416
LCA,2013,5.0508
LCA,2014,4.62323
LCA,2015,4.5142
LCA,2016,4.44098
LCA,2017,4.368
LCA,2018,4.17934
LCA,2019,4.17376
LCA,2020,6.75984
LCA,2021,5.67881
LCA,2022,5.01938
VCT,2000,3.97939
VCT,2001,4.00093
VCT,2002,4.0777
VCT,2003,3.95765
VCT,2004,3.86584
VCT,2005,3.83166
VCT,2006,3.65357
VCT,2007,3.81817
VCT,2008,3.88194
VCT,2009,4.093
VCT,2010,4.30325
VCT,2011,4.23108
VCT,2012,4.45042
VCT,2013,4.24191
VCT,2014,4.17632
VCT,2015,4.11412
VCT,2016,4.09574
VCT,2017,4.22986
VCT,2018,4.25346
VCT,2019,4.25543
VCT,2020,4.83958
VCT,2021,5.36252
VCT,2022,4.68768
WSM,2000,4.28233
WSM,2001,3.81805
WSM,2002,4.49205
WSM,2003,4.17237
WSM,2004,4.52579
WSM,2005,4.63365
WSM,2006,4.88451
WSM,2007,4.74463
WSM,2008,4.53258
WSM,2009,5.12732
WSM,2010,5.15268
WSM,2011,5.38357
WSM,2012,4.98835
WSM,2013,6.21824
WSM,2014,6.25794
WSM,2015,6.21438
WSM,2016,5.63951
WSM,2017,5.16347
WSM,2018,4.77553
WSM,2019,5.64749
WSM,2020,6.18667
WSM,2021,6.81256
WSM,2022,6.30121
SMR,2000,5.78768
SMR,2001,5.64128
SMR,2002,5.39156
SMR,2003,4.772
SMR,2004,4.86479
SMR,2005,4.88684
SMR,2006,4.91362
SMR,2007,5.09587
SMR,2008,5.41111
SMR,2009,6.1841
SMR,2010,6.20854
SMR,2011,8.07073
SMR,2012,8.98884
SMR,2013,8.238
SMR,2014,8.30092
SMR,2015,8.43315
SMR,2016,8.42195
SMR,2017,8.25972
SMR,2018,8.27785
SMR,2019,8.14802
SMR,2020,8.48147
SMR,2021,7.51272
SMR,2022,7.4065
STP,2000,9.31893
STP,2001,9.64002
STP,2002,9.4986
STP,2003,11.46527
STP,2004,10.72118
STP,2005,10.352
STP,2006,7.1056
STP,2007,7.00609
STP,2008,5.97009
STP,2009,5.75177
STP,2010,5.80828
STP,2011,5.6516
STP,2012,7.073
STP,2013,8.94061
STP,2014,7.91452
STP,2015,6.53227
STP,2016,7.60212
STP,2017,7.46631
STP,2018,5.9196
STP,2019,5.48079
STP,2020,7.32044
STP,2021,7.8589
STP,2022,7.4642
SAU,2000,4.21161
SAU,2001,4.46175
SAU,2002,4.24939
SAU,2003,3.97911
SAU,2004,3.58402
SAU,2005,3.41868
SAU,2006,3.61923
SAU,2007,3.5623
SAU,2008,2.97101
SAU,2009,4.29044
SAU,2010,3.64787
SAU,2011,3.68218
SAU,2012,3.98779
SAU,2013,4.42293
SAU,2014,5.15801
SAU,2015,5.86203
SAU,2016,6.24143
SAU,2017,6.03126
SAU,2018,5.34063
SAU,2019,5.46744
SAU,2020,6.6463
SAU,2021,5.93034
SAU,2022,4.62462
SEN,2000,3.55015
SEN,2001,3.68149
SEN,2002,3.95294
SEN,2003,4.29704
SEN,2004,4.56856
SEN,2005,3.67467
SEN,2006,3.76338
SEN,2007,3.41497
SEN,2008,3.50688
SEN,2009,3.84157
SEN,2010,4.02764
SEN,2011,4.21417
SEN,2012,4.26688
SEN,2013,4.38574
SEN,2014,4.38962
SEN,2015,4.3779
SEN,2016,4.25607
SEN,2017,4.16359
SEN,2018,4.43182
SEN,2019,4.49531
SEN,2020,5.15119
SEN,2021,4.44256
SEN,2022,4.06358
SRB,2000,6.18358
SRB,2001,6.49677
SRB,2002,7.59296
SRB,2003,7.66696
SRB,2004,7.842
SRB,2005,8.28381
SRB,2006,8.4939
SRB,2007,9.37649
SRB,2008,9.48246
SRB,2009,9.34624
SRB,2010,9.5273
SRB,2011,9.1138
SRB,2012,9.3282
SRB,2013,9.31232
SRB,2014,9.24599
SRB,2015,8.8132
SRB,2016,8.45891
SRB,2017,8.22039
SRB,2018,8.53168
SRB,2019,8.66553
SRB,2020,8.70042
SRB,2021,10.00951
SRB,2022,9.65743
SYC,2000,4.61072
SYC,2001,5.30533
SYC,2002,4.70597
SYC,2003,5.50939
SYC,2004,5.37754
SYC,2005,5.21991
SYC,2006,5.16842
SYC,2007,4.50417
SYC,2008,4.58248
SYC,2009,4.43327
SYC,2010,5.35168
SYC,2011,5.33888
SYC,2012,6.26213
SYC,2013,4.97012
SYC,2014,4.76224
SYC,2015,4.30914
SYC,2016,4.7135
SYC,2017,4.47661
SYC,2018,4.56916
SYC,2019,4.35729
SYC,2020,6.03122
SYC,2021,5.20266
SYC,2022,4.23752
SLE,2000,8.48962
SLE,2001,8.36565
SLE,2002,9.40314
SLE,2003,8.45331
SLE,2004,8.67061
SLE,2005,9.04396
SLE,2006,9.02353
SLE,2007,8.52284
SLE,2008,8.81158
SLE,2009,9.68422
SLE,2010,9.12688
SLE,2011,10.76754
SLE,2012,8.94355
SLE,2013,11.59018
SLE,2014,19.69005
SLE,2015,19.65816
SLE,2016,15.78851
SLE,2017,9.39976
SLE,2018,8.28988
SLE,2019,9.12993
SLE,2020,9.32589
SLE,2021,8.55334
SLE,2022,7.94752
SGP,2000,3.34336
SGP,2001,3.16303
SGP,2002,3.35846
SGP,2003,3.60699
SGP,2004,3.1502
SGP,2005,3.03368
SGP,2006,2.93475
SGP,2007,2.83749
SGP,2008,3.19488
SGP,2009,3.39371
SGP,2010,3.19826
SGP,2011,3.15392
SGP,2012,3.32393
SGP,2013,3.68225
SGP,2014,3.87133
SGP,2015,4.18061
SGP,2016,4.35019
SGP,2017,4.31882
SGP,2018,4.01884
SGP,2019,4.35299
SGP,2020,5.61609
SGP,2021,5.16691
SGP,2022,4.89703
SVK,2000,5.30257
SVK,2001,5.33151
SVK,2002,5.50948
SVK,2003,5.4485
SVK,2004,6.3719
SVK,2005,6.5887
SVK,2006,6.85077
SVK,2007,7.17735
SVK,2008,6.95634
SVK,2009,7.94779
SVK,2010,7.66639
SVK,2011,7.29859
SVK,2012,7.53581
SVK,2013,7.49518
SVK,2014,6.88412
SVK,2015,6.76215
SVK,2016,7.09178
SVK,2017,6.75699
SVK,2018,6.6664
SVK,2019,6.91965
SVK,2020,7.1265
SVK,2021,7.75625
SVK,2022,7.73064
SVN,2000,7.80407
SVN,2001,7.87602
SVN,2002,8.0212
SVN,2003,8.09883
SVN,2004,7.93957
SVN,2005,7.99596
SVN,2006,7.82323
SVN,2007,7.51139
SVN,2008,7.85467
SVN,2009,8.5408
SVN,2010,8.56503
SVN,2011,8.5364
SVN,2012,8.7151
SVN,2013,8.74028
SVN,2014,8.50198
SVN,2015,8.49824
SVN,2016,8.47801
SVN,2017,8.18481
SVN,2018,8.27693
SVN,2019,8.49057
SVN,2020,9.42808
SVN,2021,9.48055
SVN,2022,9.60508
SLB,2000,4.82779
SLB,2001,6.60713
SLB,2002,10.10628
SLB,2003,7.07725
SLB,2004,7.72557
SLB,2005,9.01795
SLB,2006,8.00802
SLB,2007,7.18583
SLB,2008,5.50857
SLB,2009,6.60899
SLB,2010,4.66451
SLB,2011,5.02602
SLB,2012,4.8776
SLB,2013,4.58157
SLB,2014,4.89056
SLB,2015,4.44853
SLB,2016,4.52953
SLB,2017,4.16556
SLB,2018,3.86441
SLB,2019,4.43728
SLB,2020,4.89478
SLB,2021,4.94758
SLB,2022,4.82369
SOM,2013,2.81839
SOM,2014,2.71561
SOM,2015,2.84292
SOM,2016,2.27534
SOM,2017,2.43361
SOM,2018,2.3717
SOM,2019,2.1906
SOM,2020,2.2475
SOM,2021,2.56882
SOM,2022,2.62183
ZAF,2000,7.33662
ZAF,2001,7.12328
ZAF,2002,6.67774
ZAF,2003,7.04098
ZAF,2004,6.93842
ZAF,2005,6.86216
ZAF,2006,6.87651
ZAF,2007,6.90511
ZAF,2008,7.14832
ZAF,2009,7.64941
ZAF,2010,7.79358
ZAF,2011,7.94434
ZAF,2012,8.00429
ZAF,2013,8.10322
ZAF,2014,7.87137
ZAF,2015,8.05304
ZAF,2016,8.07959
ZAF,2017,7.97711
ZAF,2018,8.08197
ZAF,2019,8.24653
ZAF,2020,9.01329
ZAF,2021,8.67433
ZAF,2022,8.77087
KOR,2000,3.85544
KOR,2001,4.32142
KOR,2002,4.05226
KOR,2003,4.63368
KOR,2004,4.60466
KOR,2005,4.83942
KOR,2006,5.16117
KOR,2007,5.16155
KOR,2008,5.39977
KOR,2009,5.89821
KOR,2010,6.02607
KOR,2011,6.12371
KOR,2012,6.17752
KOR,2013,6.31104
KOR,2014,6.50226
KOR,2015,6.72447
KOR,2016,6.89293
KOR,2017,7.04772
KOR,2018,7.46262
KOR,2019,8.12675
KOR,2020,8.35549
KOR,2021,8.95733
KOR,2022,9.43414
SSD,2017,15.9573
SSD,2018,10.0565
SSD,2019,9.03741
SSD,2020,9.31798
SSD,2021,6.25599
SSD,2022,6.76126
,2000,3.56747
,2001,3.80295
,2002,3.89144
,2003,3.50265
,2004,3.7848
,2005,3.98592
,2006,3.94231
,2007,3.92131
,2008,4.32192
,2009,4.29303
,2010,4.0245
,2011,4.01389
,2012,4.14831
,2013,4.40773
,2014,4.42856
,2015,4.71579
,2016,4.75381
,2017,4.43547
,2018,4.18574
,2019,4.13621
,2020,5.24073
,2021,5.43598
,2022,5.8331
ESP,2000,6.79922
ESP,2001,6.76896
ESP,2002,6.80053
ESP,2003,7.56327
ESP,2004,7.65048
ESP,2005,7.73974
ESP,2006,7.82906
ESP,2007,7.91866
ESP,2008,8.38226
ESP,2009,9.10764
ESP,2010,9.11891
ESP,2011,9.16797
ESP,2012,9.15597
ESP,2013,9.06588
ESP,2014,9.08676
ESP,2015,9.12383
ESP,2016,8.94896
ESP,2017,8.94652
ESP,2018,8.99859
ESP,2019,9.13488
ESP,2020,10.7321
ESP,2021,10.30862
ESP,2022,9.73829
LKA,2000,4.10819
LKA,2001,4.05663
LKA,2002,4.03716
LKA,2003,3.64647
LKA,2004,4.03913
LKA,2005,3.87909
LKA,2006,3.8502
LKA,2007,3.82258
LKA,2008,3.85483
LKA,2009,4.05677
LKA,2010,3.74145
LKA,2011,3.58195
LKA,2012,3.30659
LKA,2013,3.69365
LKA,2014,3.46786
LKA,2015,3.68264
LKA,2016,3.61788
LKA,2017,3.33093
LKA,2018,3.64189
LKA,2019,3.89905
LKA,2020,4.06135
LKA,2021,4.0283
LKA,2022,4.3627
SDN,2000,3.60664
SDN,2001,3.36457
SDN,2002,3.30011
SDN,2003,3.89188
SDN,2004,4.15593
SDN,2005,4.09418
SDN,2006,4.88544
SDN,2007,5.66269
SDN,2008,5.42314
SDN,2009,6.39496
SDN,2010,5.0581
SDN,2011,5.6158
SDN,2012,5.68827
SDN,2013,6.96487
SDN,2014,5.6762
SDN,2015,5.81113
SDN,2016,5.68438
SDN,2017,5.91767
SDN,2018,4.46358
SDN,2019,4.57118
SDN,2020,3.00965
SDN,2021,2.83128
SDN,2022,4.61874
SUR,2000,5.87092
SUR,2001,3.82475
SUR,2002,5.32992
SUR,2003,4.88878
SUR,2004,5.46081
SUR,2005,5.24396
SUR,2006,5.85599
SUR,2007,5.22149
SUR,2008,4.747
SUR,2009,4.9781
SUR,2010,4.69786
SUR,2011,4.40932
SUR,2012,4.28436
SUR,2013,4.48738
SUR,2014,4.52128
SUR,2015,5.80808
SUR,2016,5.99284
SUR,2017,5.32286
SUR,2018,6.68947
SUR,2019,8.52921
SUR,2020,6.67584
SUR,2021,5.46009
SUR,2022,5.91761
SWE,2000,7.3269
SWE,2001,7.90033
SWE,2002,8.21006
SWE,2003,8.31725
SWE,2004,8.12962
SWE,2005,8.15084
SWE,2006,8.05227
SWE,2007,7.99608
SWE,2008,8.20824
SWE,2009,8.77038
SWE,2010,8.31964
SWE,2011,10.41647
SWE,2012,10.73515
SWE,2013,10.90491
SWE,2014,10.94795
SWE,2015,10.80418
SWE,2016,10.8524
SWE,2017,10.7851
SWE,2018,10.94106
SWE,2019,10.83224
SWE,2020,11.33297
SWE,2021,11.10181
SWE,2022,10.49857
CHE,2000,9.13442
CHE,2001,9.4604
CHE,2002,9.88
CHE,2003,10.13697
CHE,2004,10.22577
CHE,2005,10.05823
CHE,2006,9.5802
CHE,2007,9.41694
CHE,2008,9.53168
CHE,2009,10.14151
CHE,2010,10.00535
CHE,2011,10.11941
CHE,2012,10.34785
CHE,2013,10.6146
CHE,2014,10.69967
CHE,2015,11.00445
CHE,2016,11.22941
CHE,2017,11.41295
CHE,2018,11.19891
CHE,2019,11.42589
CHE,2020,12.00404
CHE,2021,12.00466
CHE,2022,11.70653
SYR,2000,4.55401
SYR,2001,4.69719
SYR,2002,4.94717
SYR,2003,5.11782
SYR,2004,4.47935
SYR,2005,4.1097
SYR,2006,3.77771
SYR,2007,3.72243
SYR,2008,3.39763
SYR,2009,3.54647
SYR,2010,3.22704
SYR,2011,2.52865
SYR,2012,3.0472
SYR,2013,3.55863
SYR,2014,4.01812
SYR,2015,3.47905
SYR,2016,3.73849
SYR,2017,3.81525
SYR,2018,3.86613
SYR,2019,3.94
SYR,2020,3.71556
SYR,2021,4.70614
SYR,2022,4.15099
TJK,2000,4.26492
TJK,2001,4.57803
TJK,2002,4.43647
TJK,2003,4.70219
TJK,2004,4.79911
TJK,2005,5.21025
TJK,2006,5.03255
TJK,2007,5.5405
TJK,2008,5.91207
TJK,2009,5.8558
TJK,2010,5.73543
TJK,2011,5.85972
TJK,2012,5.98186
TJK,2013,6.53226
TJK,2014,6.6655
TJK,2015,6.90736
TJK,2016,6.9635
TJK,2017,6.85399
TJK,2018,7.01382
TJK,2019,6.94767
TJK,2020,8.89035
TJK,2021,8.37504
TJK,2022,7.62917
TZA,2000,3.4153
TZA,2001,4.23552
TZA,2002,4.68908
TZA,2003,5.34231
TZA,2004,5.73734
TZA,2005,6.32283
TZA,2006,7.59828
TZA,2007,6.88428
TZA,2008,5.55705
TZA,2009,5.06306
TZA,2010,5.22392
TZA,2011,5.05598
TZA,2012,5.01779
TZA,2013,4.64643
TZA,2014,4.01492
TZA,2015,3.6497
TZA,2016,3.9635
TZA,2017,4.07779
TZA,2018,4.32879
TZA,2019,4.02387
TZA,2020,3.05196
TZA,2021,3.47258
TZA,2022,3.11196
THA,2000,3.10125
THA,2001,3.02624
THA,2002,3.33472
THA,2003,3.24313
THA,2004,3.13893
THA,2005,3.15972
THA,2006,3.09971
THA,2007,3.19278
THA,2008,3.45934
THA,2009,3.6194
THA,2010,3.3901
THA,2011,3.56825
THA,2012,3.52294
THA,2013,3.45313
THA,2014,3.68448
THA,2015,3.85229
THA,2016,3.93901
THA,2017,3.85277
THA,2018,3.8704
THA,2019,3.78912
THA,2020,4.35725
THA,2021,5.15337
THA,2022,5.35471
TGO,2000,2.71672
TGO,2001,2.80675
TGO,2002,2.82403
TGO,2003,2.86098
TGO,2004,3.00705
TGO,2005,3.22045
TGO,2006,3.36328
TGO,2007,3.67734
TGO,2008,3.74072
TGO,2009,3.92727
TGO,2010,4.33284
TGO,2011,4.38927
TGO,2012,4.64366
TGO,2013,4.7867
TGO,2014,4.90473
TGO,2015,6.21764
TGO,2016,6.55581
TGO,2017,6.5021
TGO,2018,6.16074
TGO,2019,5.91269
TGO,2020,6.18928
TGO,2021,5.6166
TGO,2022,6.04134
TON,2000,2.90389
TON,2001,3.42502
TON,2002,3.58958
TON,2003,3.43583
TON,2004,4.50742
TON,2005,4.3856
TON,2006,5.47225
TON,2007,4.7333
TON,2008,6.0576
TON,2009,3.97381
TON,2010,4.81632
TON,2011,4.73991
TON,2012,7.33277
TON,2013,4.10562
TON,2014,5.11482
TON,2015,4.66762
TON,2016,5.08616
TON,2017,5.4912
TON,2018,5.98712
TON,2019,5.42395
TON,2020,5.5626
TON,2021,7.63287
TON,2022,8.13608
TTO,2000,4.23492
TTO,2001,4.03465
TTO,2002,4.72302
TTO,2003,4.18767
TTO,2004,4.30805
TTO,2005,4.43451
TTO,2006,4.15432
TTO,2007,4.1536
TTO,2008,3.65757
TTO,2009,5.48676
TTO,2010,5.08043
TTO,2011,4.72198
TTO,2012,4.59683
TTO,2013,4.77727
TTO,2014,4.83715
TTO,2015,5.61371
TTO,2016,6.44781
TTO,2017,6.5131
TTO,2018,6.46674
TTO,2019,6.85251
TTO,2020,7.48662
TTO,2021,7.12625
TTO,2022,6.43106
TUN,2000,4.81272
TUN,2001,4.86133
TUN,2002,5.12036
TUN,2003,5.20889
TUN,2004,5.19891
TUN,2005,5.14556
TUN,2006,5.1311
TUN,2007,5.17543
TUN,2008,5.16441
TUN,2009,5.40595
TUN,2010,5.60951
TUN,2011,6.12299
TUN,2012,6.28985
TUN,2013,6.51395
TUN,2014,6.45006
TUN,2015,6.2134
TUN,2016,6.24778
TUN,2017,6.18557
TUN,2018,5.93752
TUN,2019,6.02461
TUN,2020,7.05022
TUN,2021,6.97669
TUN,2022,6.9638
TUR,2000,4.59957
TUR,2001,4.88785
TUR,2002,5.06228
TUR,2003,5.01428
TUR,2004,4.90964
TUR,2005,4.8939
TUR,2006,5.14592
TUR,2007,5.23761
TUR,2008,5.21762
TUR,2009,5.49439
TUR,2010,5.02053
TUR,2011,4.65305
TUR,2012,4.44445
TUR,2013,4.371
TUR,2014,4.32518
TUR,2015,4.1169
TUR,2016,4.28469
TUR,2017,4.17975
TUR,2018,4.12102
TUR,2019,4.35954
TUR,2020,4.6164
TUR,2021,4.56066
TUR,2022,3.70339
TKM,2000,4.0308
TKM,2001,4.76605
TKM,2002,4.10697
TKM,2003,4.97849
TKM,2004,6.18652
TKM,2005,5.58887
TKM,2006,4.92076
TKM,2007,3.09329
TKM,2008,3.4538
TKM,2009,2.81471
TKM,2010,3.20879
TKM,2011,3.22296
TKM,2012,3.34204
TKM,2013,3.96929
TKM,2014,4.25742
TKM,2015,5.01653
TKM,2016,5.58718
TKM,2017,5.82361
TKM,2018,5.55298
TKM,2019,5.55223
TKM,2020,5.57226
TKM,2021,5.49197
TKM,2022,5.37104
TUV,2000,22.28174
TUV,2001,17.96548
TUV,2002,11.83692
TUV,2003,13.70337
TUV,2004,9.3315
TUV,2005,10.02976
TUV,2006,11.9035
TUV,2007,10.08182
TUV,2008,9.63605
TUV,2009,12.30977
TUV,2010,15.37378
TUV,2011,13.79317
TUV,2012,13.15472
TUV,2013,14.34196
TUV,2014,14.93792
TUV,2015,13.38872
TUV,2016,18.32286
TUV,2017,24.07941
TUV,2018,18.36379
TUV,2019,22.02993
TUV,2020,18.59855
TUV,2021,19.54604
TUV,2022,18.3821
UGA,2000,5.08274
UGA,2001,5.05205
UGA,2002,4.77133
UGA,2003,4.29916
UGA,2004,4.70022
UGA,2005,5.80516
UGA,2006,6.46331
UGA,2007,6.11309
UGA,2008,5.45475
UGA,2009,5.78846
UGA,2010,6.8089
UGA,2011,6.69591
UGA,2012,6.10854
UGA,2013,5.78252
UGA,2014,5.33653
UGA,2015,4.99643
UGA,2016,5.00793
UGA,2017,3.99852
UGA,2018,4.02144
UGA,2019,3.79371
UGA,2020,5.23699
UGA,2021,5.48128
UGA,2022,4.39089
UKR,2000,5.30685
UKR,2001,5.72534
UKR,2002,5.9922
UKR,2003,6.54574
UKR,2004,6.16857
UKR,2005,6.34616
UKR,2006,6.41719
UKR,2007,6.01777
UKR,2008,5.49754
UKR,2009,6.60992
UKR,2010,6.81388
UKR,2011,6.8167
UKR,2012,7.11789
UKR,2013,6.94358
UKR,2014,7.19506
UKR,2015,7.78353
UKR,2016,7.55205
UKR,2017,7.44188
UKR,2018,7.51989
UKR,2019,7.09175
UKR,2020,7.56217
UKR,2021,8.20275
ARE,2000,2.39504
ARE,2001,2.48436
ARE,2002,2.71771
ARE,2003,2.64634
ARE,2004,2.46226
ARE,2005,2.32021
ARE,2006,2.32541
ARE,2007,2.56603
ARE,2008,2.92858
ARE,2009,4.05
ARE,2010,3.74433
ARE,2011,3.56666
ARE,2012,3.33596
ARE,2013,3.50222
ARE,2014,3.53405
ARE,2015,3.46609
ARE,2016,3.8958
ARE,2017,4.00855
ARE,2018,4.09854
ARE,2019,4.40291
ARE,2020,5.82477
ARE,2021,5.30494
ARE,2022,4.67551
GBR,2000,7.15693
GBR,2001,7.45211
GBR,2002,7.87847
GBR,2003,8.07831
GBR,2004,8.33868
GBR,2005,8.39431
GBR,2006,8.54523
GBR,2007,8.75711
GBR,2008,9.04034
GBR,2009,9.84771
GBR,2010,9.78938
GBR,2011,9.79562
GBR,2012,9.8916
GBR,2013,9.97822
GBR,2014,9.90306
GBR,2015,9.83625
GBR,2016,9.76547
GBR,2017,9.60017
GBR,2018,9.73838
GBR,2019,9.95388
GBR,2020,11.96548
GBR,2021,12.01903
GBR,2022,11.05088
USA,2000,12.49003
USA,2001,13.16817
USA,2002,13.99535
USA,2003,14.50558
USA,2004,14.55123
USA,2005,14.57946
USA,2006,14.70878
USA,2007,14.91833
USA,2008,15.20724
USA,2009,16.20068
USA,2010,16.19723
USA,2011,16.14001
USA,2012,16.11975
USA,2013,15.98622
USA,2014,16.19414
USA,2015,16.4816
USA,2016,16.79114
USA,2017,16.75301
USA,2018,16.61531
USA,2019,16.66125
USA,2020,18.81325
USA,2021,17.50639
USA,2022,16.49614
URY,2000,9.17182
URY,2001,9.75702
URY,2002,9.64023
URY,2003,9.57667
URY,2004,8.26618
URY,2005,7.72391
URY,2006,7.70999
URY,2007,7.46167
URY,2008,8.09082
URY,2009,7.91611
URY,2010,7.87757
URY,2011,7.91521
URY,2012,8.03331
URY,2013,8.08448
URY,2014,8.03891
URY,2015,8.25704
URY,2016,8.63851
URY,2017,8.71702
URY,2018,8.90014
URY,2019,9.24069
URY,2020,9.06925
URY,2021,8.91666
URY,2022,8.94532
UZB,2000,5.13293
UZB,2001,5.23737
UZB,2002,5.14165
UZB,2003,5.18825
UZB,2004,4.84064
UZB,2005,4.78199
UZB,2006,4.75141
UZB,2007,4.54268
UZB,2008,4.70447
UZB,2009,4.7965
UZB,2010,5.29939
UZB,2011,5.26245
UZB,2012,5.54822
UZB,2013,5.71897
UZB,2014,4.43092
UZB,2015,4.73597
UZB,2016,4.71504
UZB,2017,4.8379
UZB,2018,5.05427
UZB,2019,5.39748
UZB,2020,6.71439
UZB,2021,7.69774
UZB,2022,7.36325
VUT,2000,3.30683
VUT,2001,3.38728
VUT,2002,3.90438
VUT,2003,3.50692
VUT,2004,3.53992
VUT,2005,3.30529
VUT,2006,3.32189
VUT,2007,3.10786
VUT,2008,3.1381
VUT,2009,3.25198
VUT,2010,3.52656
VUT,2011,3.59819
VUT,2012,3.93563
VUT,2013,4.39234
VUT,2014,3.64669
VUT,2015,4.32168
VUT,2016,3.07874
VUT,2017,2.88112
VUT,2018,3.44046
VUT,2019,3.49615
VUT,2020,4.12129
VUT,2021,4.54704
VUT,2022,4.14743
VEN,2018,2.41691
VEN,2019,2.18564
VEN,2020,4.11615
VEN,2021,4.10222
VEN,2022,4.55047
VNM,2000,4.10753
VNM,2001,4.80107
VNM,2002,3.87076
VNM,2003,3.9423
VNM,2004,4.08792
VNM,2005,4.31821
VNM,2006,4.5698
VNM,2007,4.62918
VNM,2008,4.36028
VNM,2009,4.48503
VNM,2010,5.07146
VNM,2011,4.97469
VNM,2012,5.00178
VNM,2013,4.41233
VNM,2014,4.69079
VNM,2015,4.71141
VNM,2016,4.86995
VNM,2017,4.99015
VNM,2018,5.02679
VNM,2019,4.97407
VNM,2020,4.3322
VNM,2021,4.53757
VNM,2022,4.58892
,2000,6.43093
,2001,7.45323
,2002,6.28182
,2003,6.10213
,2004,6.4164
,2005,6.75211
,2006,9.52018
,2007,7.23239
,2008,7.79673
,2009,7.92063
,2010,7.2251
,2011,6.76255
,2012,6.41006
,2013,6.54281
,2014,6.6254
,2015,6.68323
,2016,6.81444
,2017,6.92722
,2018,6.88669
,2019,7.21097
,2020,7.55834
,2021,8.1853
,2022,8.13379
OWID_WRL,2000,5.45692
OWID_WRL,2001,5.7401
OWID_WRL,2002,5.71726
OWID_WRL,2003,5.75217
OWID_WRL,2004,5.86435
OWID_WRL,2005,5.92706
OWID_WRL,2006,6.3073
OWID_WRL,2007,5.96492
OWID_WRL,2008,6.13041
OWID_WRL,2009,6.51656
OWID_WRL,2010,6.33229
OWID_WRL,2011,6.2416
OWID_WRL,2012,6.19048
OWID_WRL,2013,6.28136
OWID_WRL,2014,6.35145
OWID_WRL,2015,6.46324
OWID_WRL,2016,6.51133
OWID_WRL,2017,6.46817
OWID_WRL,2018,6.37427
OWID_WRL,2019,6.51842
OWID_WRL,2020,7.15795
OWID_WRL,2021,7.23388
OWID_WRL,2022,6.93709
YEM,2000,4.66607
YEM,2001,4.94515
YEM,2002,4.83238
YEM,2003,5.75758
YEM,2004,5.5144
YEM,2005,5.20585
YEM,2006,5.5293
YEM,2007,5.82078
YEM,2008,5.76192
YEM,2009,5.9862
YEM,2010,5.15933
YEM,2011,4.76953
YEM,2012,5.19594
YEM,2013,4.96083
YEM,2014,4.8418
YEM,2015,4.25286
YEM,2016,4.84507
YEM,2017,4.8477
YEM,2018,5.27202
YEM,2019,5.83813
YEM,2020,5.77271
YEM,2021,6.17543
YEM,2022,6.18667
ZMB,2000,4.17366
ZMB,2001,4.82996
ZMB,2002,5.88845
ZMB,2003,5.99554
ZMB,2004,5.48491
ZMB,2005,6.33089
ZMB,2006,5.57742
ZMB,2007,4.57961
ZMB,2008,4.46691
ZMB,2009,5.15719
ZMB,2010,3.97472
ZMB,2011,3.95913
ZMB,2012,4.04542
ZMB,2013,4.5739
ZMB,2014,3.82924
ZMB,2015,4.42974
ZMB,2016,4.46923
ZMB,2017,4.78156
ZMB,2018,4.76997
ZMB,2019,6.7533
ZMB,2020,6.30674
ZMB,2021,6.63951
ZMB,2022,5.25592
ZWE,2010,10.47584
ZWE,2011,8.08288
ZWE,2012,6.91795
ZWE,2013,7.1094
ZWE,2014,8.13227
ZWE,2015,7.44983
ZWE,2016,7.46645
ZWE,2017,6.17279
ZWE,2018,4.65527
ZWE,2019,3.23268
ZWE,2020,2.9544
ZWE,2021,2.78572
ZWE,2022,3.62881
